Тип,Масштаб,Бренд,Товар,"Цена на Ali, ₽","Старая цена, ₽","Скидка, %",Заказов,Рейтинг,"Цена у нас, ₽","Прибыль с шт., ₽",Сайт,Ссылка,Запрос
LEGO,,LEGO,DIY Building Block Wall Display Bracket Wall Mount Holder for LEGO Technic 42207 Ferrari SF-24 F1 Formula 1 Car,92,630,85,169,4.9,190,70,com,https://www.aliexpress.us/item/3256810226378589.html,com: lego technic f1 42207
LEGO,,LEGO,Wall Mount Display for LEGO 42171 Mercedes-AMG F1 W14 E 42207 Ferrari SF-24 F1 42206 Red Bull Racing RB20 F1--Display Wall only,5247,12505,58,88,4.3,8390,1926,com,https://www.aliexpress.us/item/3256809767324188.html,com: lego technic f1 42207
LEGO,,LEGO,2026 NEW Display Wallboard suitable for LEGO 42228 McLaren MCL 39 building block car model Wall Mount Display box Photo Frame,4401,11580,61,78,,7090,1661,com,https://www.aliexpress.us/item/3256811712290819.html,com: f1 1:12 model
LEGO,,LEGO,"LEGO 76919 Speed Champions 2023 McLaren Formula 1 Race Car Toy for Play and Display, Buildable McLaren Toy Set for Kids",4694,9388,50,75,4.9,7590,1795,com,https://www.aliexpress.us/item/3256806985045521.html,com: lego f1
LEGO,,LEGO,NEW LED Display Wallboard Suitable for LEGO 42206 RB 20 - F1 building block car model Wall Mount Display box Photo Frame,5602,13276,57,48,4.2,8990,2084,com,https://www.aliexpress.us/item/3256810502920612.html,com: lego technic f1 42207
LEGO,,LEGO,"LEGO 76919 Speed Champions 2023 McLaren Formula 1 Race Car Toy for Play and Display, Buildable McLaren Toy Set for Kids",4091,15371,73,46,4.8,6590,1543,com,https://www.aliexpress.us/item/3256806818266451.html,com: lego f1
LEGO,,LEGO,"LEGO 77243 Speed Champions Oracle Red Bull Racing RB20 F1 Race Car Model Kits - Building Set for Adults, Ages 18+ 251PCS",4292,9930,56,42,4.7,6890,1599,com,https://www.aliexpress.us/item/3256808882416908.html,com: lego f1
LEGO,,LEGO,"LED Metal Display wall mount for LEGO 42171 42206 42207 , For Ferrari SF-24,For Red Bull RB20,For Mercedes AMG F1 W14 E",5318,12659,57,33,3.9,8590,2026,com,https://www.aliexpress.us/item/3256810310156897.html,com: lego technic f1 42207
LEGO,,LEGO,LEGO 77244 Speed Champions Mercedes-AMG F1 W15 Race Car Toy Building Set for Kids Toy Car for F1 Fans - Gift Idea for Birthday,4015,8660,53,28,,6490,1534,com,https://www.aliexpress.us/item/3256808882987488.html,com: lego f1
LEGO,,LEGO,HD printed Wall display posters suitable for LEGO 42240 Aston Martin Aramco AMR25 F1 42228 McLaren MCL39 Car Model Toys,1263,,,26,,2590,951,com,https://www.aliexpress.us/item/3256812482053172.html,com: lego technic f1 42207
LEGO,,LEGO,IN STOCK 2026 NEW Display Wallboard Wall suitable for LEGO 71049 F1 Collectible Race Cars building block car model Photo Frame,3677,9092,59,22,,5890,1359,com,https://www.aliexpress.us/item/3256811535210532.html,com: lego 71049
LEGO,,LEGO,Display Wallboard For Lego 71049 (Car Not Included) Dustproof Display Photo Frame For Lego F1 Model Car Storage Case Blind Box,6130,12260,50,15,,9890,2326,com,https://www.aliexpress.us/item/3256809767939524.html,com: lego 71049
LEGO,,LEGO,"Wall‑Mount Display Frame for LEGO 42240 Aston Martin AMR25 F1 Race Car, Top‑View Wallboard, Adult Collectible Decor, Frame Only",4618,10720,56,12,,7390,1700,com,https://www.aliexpress.us/item/3256812843803248.html,com: lego technic f1 42207
LEGO,,LEGO,2026 NEW Display Wallboard Wall 71049 Display Photo Frame for LEGO - 66796 F1 mini Collectible Race Cars,3119,8053,61,6,,4990,1147,com,https://www.aliexpress.us/item/3256811781415668.html,com: lego 71049
LEGO,,LEGO,"Wall‑Mount Display Frame for LEGO 42240 Aston Martin AMR25 F1 Race Car, Adult Collectible Decor Gift, Frame Only",4580,10820,57,5,,7390,1738,com,https://www.aliexpress.us/item/3256812853459423.html,com: lego technic f1 42207
LEGO,,LEGO,Display Photo Frame For Lego 71049 F1 Car Blind Box Display Wallboard Dustproof Storage Box Home Decorative Can Holds 12 Cars,4087,9082,55,5,,6590,1547,com,https://www.aliexpress.us/item/3256811680921347.html,com: lego 71049
LEGO,,LEGO,Display Photo Frame For Lego 71049 F1 Car Blind Box Display Wallboard Dustproof Storage Box Home Decorative Can Holds 12 Cars,4079,9062,55,5,,6590,1555,com,https://www.aliexpress.us/item/3256811540293872.html,com: lego 71049
LEGO,,LEGO,"New Wall Display Frame for LEGO 42228 McLaren MCL39 F1 Race Car, Top View Wallboard, Adult Collectible Home Decor Accessory",4281,10720,60,4,,6890,1610,com,https://www.aliexpress.us/item/3256812827635274.html,com: lego technic f1 42207
LEGO,,LEGO,"New Wall-Mounted Aluminum Frame for LEGO 42171 Mercedes W14 F1 Race Car, Top View Wallboard, Adult Collectible Home Decor",4533,10720,57,4,,7290,1700,com,https://www.aliexpress.us/item/3256812818750396.html,com: lego technic f1 42207
LEGO,,LEGO,3mm Dustproof Display Box for lego 42207 SF-24 F1 Super Racing Cars Display Case Storage Box Organizer(Lego Set not Included),5469,6752,19,3,,8790,2046,com,https://www.aliexpress.us/item/3256809419582250.html,com: lego technic f1 42207
LEGO,,LEGO,"New Wall-Mounted Aluminum Frame for LEGO 42207 Ferrari SF-24 F1, Top View Wallboard, Adult Collectible Home Decor",5618,13027,56,3,,8990,2068,com,https://www.aliexpress.us/item/3256812819166396.html,com: lego technic f1 42207
LEGO,,LEGO,BUILDLY 1/s sets DIY Building Block Wall Display Stand Wall Mount Bracket Holder for LEGO 42207 Ferrari F1 SF24,1418,2836,50,0,,2890,1053,com,https://www.aliexpress.us/item/3256812807991821.html,com: lego technic f1 42207
LEGO,,LEGO,1pc Plastic Vertical Display Stand Rack for LEGO Speed Champion F1 Series Building Block Models Home Decoration,149,393,62,0,,290,99,com,https://www.aliexpress.us/item/3256813084495079.html,com: lego speed champions f1
LEGO,,LEGO,LED Light Set for LEGO SF-24 F1 Race Car Racing Speed Champions 77242 77243 77244 77245 77246 77247 77248 77249 77250 77251,1693,2323,27,0,,2790,692,com,https://www.aliexpress.us/item/3256813032408523.html,com: lego speed champions f1
LEGO,1:8,LEGO,"DT16 Wall Mount Bracket for Lego Technic F1 Car Models 42207 42171 42141 42206, 4Pcs Display Holder Hooks for 1:8 Scale",663,1125,41,1,,1390,525,com,https://www.aliexpress.us/item/3256812944338508.html,com: lego technic f1 42207
Готовая модель,,,3 Generation F1 Portugal Hot Black Samurai Racing Car Auto Metal Model Booste Cars,92,896,89,35,,190,70,com,https://www.aliexpress.us/item/3256812189151626.html,com: f1 1:12 model
Готовая модель,,,Matchbox 30782 Diecast Alloy Model Car Mclaren F1 Gt Mazda Sports Car Collectible Scale Model For Adult Hobby Collection Display,1064,1717,38,16,,2190,808,com,https://www.aliexpress.us/item/3256812348012805.html,com: f1 1:12 model
Готовая модель,,CaDA,"Wall Mount Stand for F1 42207 42206 42171 42141 42228 42224 42240 42232, for CADA C64005W C42 C64012 A525 C44",7749,,,13,4.5,10490,1220,com,https://www.aliexpress.us/item/3256810168054655.html,com: lego technic f1 42207
Готовая модель,,,Genuine Licensed Boxed Aston Martin F1 Formula Racing Car Die-cast Alloy Model Exquisite Simulated Car Ideal Gift & Ornament,354,2784,87,4,,790,321,com,https://www.aliexpress.us/item/3256812220068580.html,com: f1 1:12 model
Готовая модель,,Hot Wheels,Hot Wheels Alloy Sports Car McLaren F1 Simulation Non-Radio Controlled Model Toy Collection C4982 for Play And Display,1490,2403,38,4,2.5,2990,1066,com,https://www.aliexpress.us/item/3256808908253104.html,com: f1 1:12 model
Готовая модель,,,1:60 F1 Racing Car Static Simulation pull back model set of 6 children's Diecast Alloy Model Car Toy Gift,92,2055,95,4,,190,70,com,https://www.aliexpress.us/item/3256812008371663.html,com: f1 1:12 model
Готовая модель,,,【Spot Goods】NewAge NA H42 Shean Mirage Legends Scale Transformable Figure F1 Racing Car Mode Diecast Feet Model Toy Gift,4319,6169,30,2,,6990,1657,com,https://www.aliexpress.us/item/3256812421985484.html,com: f1 1:12 model
Готовая модель,,Hotwheels,Hotwheels Alloy Car Model Simulation Toy F1 Vehicle Collectible 25MF40 Non-Radio Controlled Play Vehicle Track Set,861,1389,38,1,,1790,669,com,https://www.aliexpress.us/item/3256809812656165.html,com: f1 1:12 model
Готовая модель,,Hotwheels,Hotwheels F1 Formula 1 Racing Car Model Alloy Diecast Ferrari Mclaren Mercedes Collectible Five Pack For Adult Collectors,2001,3227,38,1,,3290,812,com,https://www.aliexpress.us/item/3256812613671599.html,com: f1 1:12 model
Готовая модель,,Hot Wheels,Original Hot Wheels Premium F1 Racing Car Gold Label Car Model Collection Diecast Ferrari Team Mclaren Mercedes Toy Car Gift Box,1464,2324,37,0,,2990,1092,com,https://www.aliexpress.us/item/3256812969966847.html,com: f1 1:12 model
Готовая модель,,Hot Wheels,"Hot Wheels Diecast Vehicle C4982, 26M Batch Ferrari F1 Mercedes Audi Toyota Racing Alloy Model Hobby Collection",998,1609,38,0,,1990,703,com,https://www.aliexpress.us/item/3256812702545498.html,com: f1 1:12 model
Готовая модель,,Hot Wheels,New Arrival Original Hot Wheels Premium F1 Racing Car Gold Label Limited Edition 2025 HRV11-M Diecast Collection Toy Car Gift,1868,2966,37,0,,2990,688,com,https://www.aliexpress.us/item/3256812947520843.html,com: f1 1:12 model
Готовая модель,1:12,Amalgam,Amalgam 1/12 Scale MC F1 Mp4-23A Plastic resin car model collection and display of automotive toys,10861,,,0,,14690,1699,com,https://www.aliexpress.us/item/3256811750169490.html,com: f1 1:12 model
Готовая модель,1:18,Bburago,Bburago Red Bull RB19 2023 1:18 металлическая модель авто,4749,4998,5,162,4.7,7590,1740,ru,https://aliexpress.ru/item/1005008058804835.html,bburago f1 1:18
Готовая модель,1:18,Bburago,Bburago Ferrari SF24 2024 металлическая модель авто 1:18,4749,4998,5,107,4.7,7590,1740,ru,https://aliexpress.ru/item/1005008681995471.html,bburago f1 1:18
Готовая модель,1:18,,1:18 Aston Martin F1 No.14 Formula Mclaren F1 No.4 Alloy Metal Diecast Model Car Miniature Holiday Present Home Trendy Ornaments,1989,3429,42,91,4.9,3190,738,com,https://www.aliexpress.us/item/3256810420913621.html,com: f1 1:18 diecast
Готовая модель,1:18,Bburago,Bburago Ferrari SF24 2025 1:18,4839,5093,5,86,4.9,7790,1821,ru,https://aliexpress.ru/item/1005010451767159.html,bburago f1 1:18
Готовая модель,1:18,Bburago,Bburago 1:18 Red Bull RB21 Japan GP F1 Die‑cast Model Car #1 Max Verstappen #22 Yuki Tsunoda Collectible Gift for F1 Fans,7988,,,71,4.6,10790,1237,com,https://www.aliexpress.us/item/3256811882234702.html,com: f1 1:18 diecast
Готовая модель,1:18,Bburago,Bburago 1:18 Ferrari SF25 #16 #44,4839,5093,5,61,4.9,7790,1821,ru,https://aliexpress.ru/item/1005010485156213.html,bburago f1 1:18
Готовая модель,1:18,Bburago,Bburago 1:18 модель автомобиля Red Bull Racing RB21 Max Verstappen,4823,,,58,4.7,7790,1837,ru,https://aliexpress.ru/item/1005011956368766.html,bburago f1 1:18
Готовая модель,1:18,,1:18 McLaren F1 MCL38 2024 Alloy Sports Car Model Diecast Boy Toys No.4 British Driver Lando Norris Formula 1 Desktop Ornaments,2276,3925,42,32,4.6,3690,879,com,https://www.aliexpress.us/item/3256811898770448.html,com: f1 1:18 diecast
Готовая модель,1:18,,1:18 Aston Martin F1 No.14 Formula Mclaren F1 No.4 Alloy Metal Diecast Model Car Home Decorations And Computer Desktop Ornaments,1989,3429,42,31,4.8,3190,738,com,https://www.aliexpress.us/item/3256810420801971.html,com: f1 1:18 diecast
Готовая модель,1:18,Bburago,Bburago 1:18 Red Bull RB21 Япония GP 2025,4839,5093,5,30,4.7,7790,1821,ru,https://aliexpress.ru/item/1005012042921152.html,bburago f1 1:18
Готовая модель,1:18,Bburago,2025 SF25-#44 #16 Bburago 1:18 SF24 F1 Racing / SF23 F1 Ferrari Las Vegas #16 Sainz Static Car Model Vehicles Alloy Toy,6548,7020,6,28,,10490,2421,com,https://www.aliexpress.us/item/3256807955664658.html,com: f1 1:18 diecast
Готовая модель,1:18,,"1:18 Officially Licensed Red Bull RB19 Formula 1 Racing Car Alloy Model, Simulated Metal Supercar Model",317,1644,80,23,2.7,690,273,com,https://www.aliexpress.us/item/3256811704891723.html,com: f1 1:18 diecast
Готовая модель,1:18,Bburago,Bburago 1:18 F1 2025 Red Bull Racing RB21 Япония Верстаппен Yuki,6062,,,20,5.0,9690,2223,ru,https://aliexpress.ru/item/1005012056508382.html,bburago f1 1:18
Готовая модель,1:18,Bburago,Bburago 1:18 F1 2025 Red Bull Racing RB21 Япония,5525,,,20,4.6,8890,2076,ru,https://aliexpress.ru/item/1005011956376350.html,bburago f1 1:18
Готовая модель,1:18,Bburago,Bburago Ferrari F1-75 Monza 1:18 металлическая модель автомобиля,4749,4998,5,19,4.3,7590,1740,ru,https://aliexpress.ru/item/1005005020650516.html,bburago f1 1:18
Готовая модель,1:18,Bburago,Модель автомобиля Bburago Red Bull RB19 F1 1:18,5509,14875,63,13,5.0,8890,2092,ru,https://aliexpress.ru/item/1005009445227325.html,bburago f1 1:18
Готовая модель,1:18,Bburago,Коллекционная модель автомобиля Bburago Ferrari SF25 1:18,5689,17773,68,11,5.0,9190,2168,ru,https://aliexpress.ru/item/1005010438196084.html,bburago f1 1:18
Готовая модель,1:18,Bburago,Bburago 1:18 Red Bull Racing 2025 F1 RB21 1#Verstappen #22 Yuki Japanese Grand Prix White coating Alloy Cars Model Toy,6432,13982,54,11,,10290,2366,com,https://www.aliexpress.us/item/3256811900096135.html,com: f1 1:18 diecast
Готовая модель,1:18,Bburago,Bburago 1:18 Ferrari 312 T4 T 4 F1 Racing Car Model South Africa Swartberg Alloy Simulation Car Model Toy Collectible Ornament,5525,,,11,,8890,2076,com,https://www.aliexpress.us/item/3256812012422317.html,com: f1 1:18 diecast
Готовая модель,1:18,Bburago,Bburago 1/18 Red Bull RB19 F1 Car Model Formula Racing #1 Max Verstappen #11 Sergio Perez Alloy Model Toy,6421,13104,51,8,,10290,2377,com,https://www.aliexpress.us/item/3256806138898748.html,com: rastar rb19 1:8
Готовая модель,1:18,Bburago,Bburago 1:18 2023 F1 Red Bull Racing RB19 1# Verstappen 11# Perez racing model simulation car model alloy car toy collection,6347,13505,53,7,,10190,2365,com,https://www.aliexpress.us/item/3256807734987129.html,com: f1 1:18 diecast
Готовая модель,1:18,Minichamps,Minichamps 1:18 Mercedes Amg F1 W17 Race Car Model George Russell Australian Gp Winner Kimi Antonelli Chinese Gp Japanese Gp Toy,29190,,,7,,39490,4574,com,https://www.aliexpress.us/item/3256809690237547.html,com: f1 1:18 diecast
Готовая модель,1:18,,1:18 F1 Racing Car Diecast Models Alloy Toys Fashion Simulation Accessories Rubber Tires Vehices Gifts for Children,2736,6615,58,7,,4390,1017,com,https://www.aliexpress.us/item/3256812065436427.html,com: f1 1:18 diecast
Готовая модель,1:18,,1:18 Aston Martin F1 AMR24 Alloy Metal Diecast Model Car No.14 Spanish Driver Fernando Alonso Formula 1 Desktop Display Present,2276,3925,42,7,,3690,879,com,https://www.aliexpress.us/item/3256811890745613.html,com: f1 1:18 diecast
Готовая модель,1:18,,Simulation 1:18 F1 Genuine Alloy Sports Car Model Ornament Collection Wholesale,2156,5429,60,5,,3490,828,com,https://www.aliexpress.us/item/3256812094256649.html,com: f1 1:18 diecast
Готовая модель,1:18,Bburago,Bburago 1:18 Multiple styles to choose from F1 Red Bull Austin Gp、Miami、Las Vegas Racing RB19 Alloy car model,6921,,,4,,11090,2561,com,https://www.aliexpress.us/item/3256811966620566.html,com: f1 1:18 diecast
Готовая модель,1:18,Bburago,Коллекционная модель Ferrari SF25 Bburago 1:18,6030,17735,66,3,5.0,9690,2255,ru,https://aliexpress.ru/item/1005012153971857.html,bburago f1 1:18
Готовая модель,1:18,Bburago,In Stock Bburago 1/18 Red Bull Rb19 Austin Gp Alloy Red Bull Miami 、Las Vegas Rb19 F1 Diecast Model Car Model Toys,6489,6957,6,3,,10390,2394,com,https://www.aliexpress.us/item/3256811971118202.html,com: f1 1:18 diecast
Готовая модель,1:18,Bburago,Bburago 1:18 F1 2020 SF1000 #5 Sebastian Vettel / #16 Charles Leclerc Red Diecast Collector's Vehicle Model Car,6644,,,3,,10690,2496,com,https://www.aliexpress.us/item/3256810072244011.html,com: f1 1:18 diecast
Готовая модель,1:18,Bburago,Bburago 1:18 2020 F1 SF1000 No.5 S.Vette / No.16 C.Leclerc Racing Diecast Racing Car,6931,,,3,,11090,2551,com,https://www.aliexpress.us/item/3256810072428488.html,com: f1 1:18 diecast
Готовая модель,1:18,Bburago,1:18 F1 Bburago Oracle Red Bull Rb21 Japan #1 Verstappen #22 Yuki Alloy Die-Cast Collectible For Racing Enthusiasts Home Display,6998,11663,40,3,,11190,2569,com,https://www.aliexpress.us/item/3256812197230606.html,com: f1 1:18 diecast
Готовая модель,1:18,Minichamps,MINICHAMPS 1:18 1993 F1 WILLIAMS FW15C Nr0 DAMON HILL /Nr2 ALAIN PROST Diecast Model Car,19855,,,2,,26890,3136,com,https://www.aliexpress.us/item/3256807865565287.html,com: f1 1:18 diecast
Готовая модель,1:18,Spark,In Stock SPARK 1:18 RB21 Red Bull White Verstappen 2025 Japan GP Special Livery With Driver Figure Resin F1 Car Model,38671,77341,50,2,,52290,6037,com,https://www.aliexpress.us/item/3256812508862038.html,com: f1 1:18 diecast
Готовая модель,1:18,Minichamps,In Stock Minichamps 1:18 Mercedes-Benz W17 F1 Winner Japanese GP China GP Australian GP Antonelli Russell #12 #63 Resin Model,29156,58313,50,2,,39390,4522,com,https://www.aliexpress.us/item/3256812663431401.html,com: f1 1:18 diecast
Готовая модель,1:18,,Diecast CMR 1/18 Scale F1 Dino 246 Argentine Grand Prix Alloy Car Model,9265,11030,16,1,,12590,1499,com,https://www.aliexpress.us/item/3256812882426046.html,com: f1 1:18 diecast
Готовая модель,1:18,,PremiumX 1:18 F1 97T Ayrton Senna 1985 Portugal Simulation Limited Edition Resin Metal Static Car Model Toy Gift,26241,29157,10,1,,35490,4103,com,https://www.aliexpress.us/item/3256806764747370.html,com: f1 1:18 diecast
Готовая модель,1:18,Minichamps,Minichamps 1:18 F1 1996 Schumacher V412T2 Simulation Limited Edition Resin Metal Static Car Model Toy Gift,22033,24481,10,1,,29790,3437,com,https://www.aliexpress.us/item/3256808244649351.html,com: minichamps f1
Готовая модель,1:18,Bburago,17 723 ₽ -66% 6 029 ₽ Модель Bburago Ferrari SF25 Miami 2025 F1 1:18,6029,17723,66,0,,9690,2256,ru,https://aliexpress.ru/item/1005012416939712.html,bburago f1 1:18
Готовая модель,1:18,Bburago,Bburago 1:18 Red Bull Racing 2025 F1 RB21 1#Verstappen Die cast alloy F1 car model toy Driver's helmet display base,7788,15574,50,0,,10590,1266,com,https://www.aliexpress.us/item/3256812979377607.html,com: f1 1:18 diecast
Готовая модель,1:18,,1:18 Formula F1 Alloy Car Model Simulation Large Christmas Gift Diecast Alloy Car Model Collectible,3667,7334,50,0,,5890,1369,com,https://www.aliexpress.us/item/3256811378960572.html,com: f1 1:18 diecast
Готовая модель,1:18,,SunStar 1:18 F1 Lotus 72E #2 1973 Monaco GP Car model Metal Holiday gift collection,10153,11157,9,0,,13790,1637,com,https://www.aliexpress.us/item/3256812691437854.html,com: f1 1:18 diecast
Готовая модель,1:18,,Tecnomodel 1:18 Ferrari Test Version F1 Racing Car Model F275 Gp Test Car 1950,19211,,,0,,25990,3010,com,https://www.aliexpress.us/item/3256812388780189.html,com: f1 1:18 diecast
Готовая модель,1:18,Spark,Spark F1 Model Car 1:18 & 1:43 Scale Mclaren Mcl39 Lando Norris 2025 British Grand Prix Winner With Standing Driver Figure Toy,15267,,,0,,20690,2423,com,https://www.aliexpress.us/item/3256812452760713.html,com: f1 1:18 diecast
Готовая модель,1:18,Solido,Diecast SOLIDO 1/18 Scale ALPINE A522 2022 F1 # 14 Racing N3n2 55 Alloy Car Model,7366,8769,16,0,,9990,1175,com,https://www.aliexpress.us/item/3256811885836945.html,com: f1 1:18 diecast
Готовая модель,1:18,Spark,Spark 1/18 2024 Australian Grand Prix F1 car Models Nico Hulkenberg #27 & Kevin Magnussen #20 Haas VF-24 cars boy birthday gift,32367,46239,30,0,,43690,4988,com,https://www.aliexpress.us/item/3256811635608519.html,com: f1 1:18 diecast
Готовая модель,1:18,Bburago,New In Stock Bburago 1:18 Red Bull Rb21 Bahrain -Japan #1 Verstappen Ferrari 2025 F1 Sf-25 Hamilton #44 Leclerc #16 Alloy Models,10517,,,0,,14190,1615,com,https://www.aliexpress.us/item/3256812970835592.html,com: f1 1:18 diecast
Готовая модель,1:18,Bburago,Bburago 1:18 Red Bull RB21 F1 Car Model Toy Miniature #1 Max Verstappen Alloy Diecast Formula 1 Replica RedBull,7810,15620,50,0,,10590,1244,com,https://www.aliexpress.us/item/3256812967372525.html,com: f1 1:18 diecast
Готовая модель,1:18,Bburago,In Stock Bburago 1:18 Red Bull Rb21 Japanese Grand Prix F1 Race Car Diecast Alloy Car Model Static Simulation Collectible Hobby,8451,,,0,,11490,1373,com,https://www.aliexpress.us/item/3256812436730891.html,com: f1 1:18 diecast
Готовая модель,1:18,,Autoart 1/18 McLaren Car Model Honda F1 MP4/6 SENNA Alloy Racing Car Model Room Ornament Display Boy Collection Toys Gift,43712,54640,20,0,,59090,6810,com,https://www.aliexpress.us/item/3256809160049902.html,com: f1 1:18 diecast
Готовая модель,1:18,,Tecnomodel 1:18 F1 LC88 Japan 1988 Simulation Limited Edition Resin Metal Static Car Model Toy Gift,39842,44269,10,0,,53790,6148,com,https://www.aliexpress.us/item/3256811831222493.html,com: f1 1:18 diecast
Готовая модель,1:18,Minichamps,Minichamps 1:18 F1 W11 Hamilton Turkey 2020 Simulation Limited Edition Resin Metal Static Car Model Toy Gift,50762,56403,10,0,,68590,7882,com,https://www.aliexpress.us/item/3256811701452736.html,com: f1 1:18 diecast
Готовая модель,1:18,,Autoart 1:18 F1 LM EDITION GTR Simulation Limited Edition All Open Alloy Metal Static Car Model Toy Gift,78245,86938,10,0,,105690,12120,com,https://www.aliexpress.us/item/3256812881203986.html,com: f1 1:18 diecast
Готовая модель,1:18,Minichamps,Minichamps 1:18 F1 MP4/5 1989 Simulation Limited Edition Resin Metal Static Car Model Toy Gift,30208,33565,10,0,,40790,4667,com,https://www.aliexpress.us/item/3256812209682232.html,com: f1 1:18 diecast
Готовая модель,1:18,Minichamps,Minichamps 1:18 F1 2011 Schumacher W02 Simulation Limited Edition Resin Metal Static Car Model Toy Gift,30286,33651,10,0,,40890,4675,com,https://www.aliexpress.us/item/3256808243802056.html,com: f1 1:18 diecast
Готовая модель,1:18,Minichamps,Minichamps 1:18 F1 MP4/13 Hakkinen 1998 Simulation Limited Edition Resin Metal Static Car Model Toy Gift,26520,29467,10,0,,35890,4166,com,https://www.aliexpress.us/item/3256812224329222.html,com: f1 1:18 diecast
Готовая модель,1:18,Minichamps,Minichamps 1:18 F1 79 1978 Simulation Limited Edition Resin Metal Static Car Model Toy Gift,36165,40183,10,0,,48890,5636,com,https://www.aliexpress.us/item/3256812210057475.html,com: f1 1:18 diecast
Готовая модель,1:18,,Sunstar 1/18 Alloy Car Model F1 Lotus 72D-1972 Belgian Grand Prix Winner Ornament Collectible Home,26234,,,0,,35490,4110,com,https://www.aliexpress.us/item/3256807414130568.html,com: f1 1:18 diecast
Готовая модель,1:18,,Sunstar 1/18 Static Alloy Model F1 Lotus 49C-# 28 E.Fittipaldi-1970 UK Ornaments Collections Home,28893,,,0,,39090,4529,com,https://www.aliexpress.us/item/3256807413969093.html,com: f1 1:18 diecast
Готовая модель,1:18,Bburago,Bburago 1:18 Ferrari SF25 2025 Miami GP F1 Racing Car #16 Leclerc #44 Hamilton Alloy Diecast Model Collectible Hobby Gift,5746,7980,28,0,,9190,2111,com,https://www.aliexpress.us/item/3256813057556564.html,com: f1 1:18 diecast
Готовая модель,1:18,Minichamps,Minichamps 1:18 F1 98T Senna 1987 Simulation Limited Edition Resin Metal Static Car Model Toy Gift,30208,33565,10,0,,40790,4667,com,https://www.aliexpress.us/item/3256812228449287.html,com: minichamps f1
Готовая модель,1:18,Minichamps,Minichamps 1:18 F1 B195 Schumacher 1995 Simulation Limited Edition Resin Metal Static Car Model Toy Gift,28931,32146,10,0,,39090,4491,com,https://www.aliexpress.us/item/3256812202389490.html,com: minichamps f1
Готовая модель,1:18,Minichamps,Minichamps 1:18 F1 MCL39 #4 Norris 2025 Abu Dhabi Simulation Limited Edition Resin Metal Static Car Model Toy Gift,37440,41601,10,0,,50590,5814,com,https://www.aliexpress.us/item/3256812766621230.html,com: minichamps f1
Готовая модель,1:18,Minichamps,Minichamps 1:18 F1 AMR21 Vettel Azerbaijan 2021 Simulation Limited Edition Resin Metal Static Car Model Toy Gift,33753,37504,10,0,,45590,5226,com,https://www.aliexpress.us/item/3256811691364700.html,com: minichamps f1
Готовая модель,1:18,Minichamps,Minichamps 1:18 F1 MCL38 Norris Monaco 2024 Simulation Limited Edition Resin Metal Static Car Model Toy Gift,41979,46643,10,0,,56690,6491,com,https://www.aliexpress.us/item/3256811742965119.html,com: minichamps f1
Готовая модель,1:18,Minichamps,Minichamps 1:18 F1 MP4/2 Lauda 1984 Simulation Limited Edition Resin Metal Static Car Model Toy Gift,40977,45529,10,0,,55390,6381,com,https://www.aliexpress.us/item/3256812205976782.html,com: minichamps f1
Готовая модель,1:18,Minichamps,Minichamps 1:18 F1 MP4/7 1992 Simulation Limited Edition Resin Metal Static Car Model Toy Gift,43388,48209,10,0,,58590,6706,com,https://www.aliexpress.us/item/3256812206330343.html,com: minichamps f1
Готовая модель,1:18,Minichamps,Minichamps 1:18 F1 FW11B 1987 Simulation Limited Edition Resin Metal Static Car Model Toy Gift,31343,34825,10,0,,42390,4900,com,https://www.aliexpress.us/item/3256812228611394.html,com: minichamps f1
Готовая модель,1:24,Bburago,Коллекционная модель автомобиля Bburago 1:24 Red Bull RB19,2809,8506,67,868,4.9,4490,1030,ru,https://aliexpress.ru/item/1005009766786270.html,bburago f1 1:24
Готовая модель,1:24,Bburago,Bburago 1:24 Модели Формулы 1 Макс Ферстаппен и Серхио Перес,2589,8348,69,653,4.9,4190,993,ru,https://aliexpress.ru/item/1005009397158416.html,bburago f1 1:24
Готовая модель,1:24,Bburago,"Bburago 1:24 2022~2025 Mercedes W15 44 # Гамильтон 63 # Модели автомобилей серии Russell F1 различных стилей: Red Bull, F...",2442,8137,70,651,4.9,3990,969,ru,https://aliexpress.ru/item/1005009081001375.html,bburago f1 1:24
Готовая модель,1:24,Bburago,"Коллекционные Модели Автомобилей Bburago 1:24: Mercedes W15 44 F1, Red Bull, Ferrari, McLaren Из Алюминиевого Сплава, Рассел",2492,8304,70,640,4.9,3990,919,ru,https://aliexpress.ru/item/1005009077252782.html,bburago f1 1:24
Готовая модель,1:24,Bburago,Коллекционная модель автомобиля Bburago Mercedes W15 44 1:24,2492,8304,70,580,4.9,3990,919,ru,https://aliexpress.ru/item/1005009397648269.html,bburago f1 1:24
Готовая модель,1:24,Bburago,BBURAGO 1:24 McLaren F1,2699,7699,65,503,4.9,4390,1054,ru,https://aliexpress.ru/item/1005009441469506.html,bburago f1 1:24
Готовая модель,1:24,Bburago,Bburago 1:24 2022~2025 Mercedes W15 44# Hamilton 63# Russell F1 series various styles Red Bull Ferrari McLaren Alloy car model,3238,6746,52,346,4.7,5190,1199,com,https://www.aliexpress.us/item/3256806201949526.html,com: f1 1:12 model
Готовая модель,1:24,Bburago,Модель автомобиля Bburago Ferrari F1-75 1:24,2239,2633,15,173,5.0,3590,830,ru,https://aliexpress.ru/item/1005005853653773.html,bburago f1 1:24
Готовая модель,1:24,Bburago,Bburago Ferrari SF25 F1 1:24 модель болида,2322,,,165,4.7,3790,918,ru,https://aliexpress.ru/item/1005012469811103.html,bburago f1 1:24
Готовая модель,1:24,Bburago,Bburago 1:24 McLaren F1 2024 Lando Norris Die Cast Model,1842,,,150,5.0,2990,714,ru,https://aliexpress.ru/item/1005008619594051.html,bburago f1 1:24
Готовая модель,1:24,Bburago,Burago 1:24 RedBull RB19 Модель автомобиля из металла,2351,3852,39,150,4.9,3790,889,ru,https://aliexpress.ru/item/1005008473294331.html,bburago f1 1:24
Готовая модель,1:24,Bburago,Bburago 1:24 2022~2025 Ferrari F1-75 75th 16#Leclerc 55#Sainz Formula1 Simulation Alloy Car Model F1 serie variou style Red Bull,3095,6953,55,92,,4990,1171,com,https://www.aliexpress.us/item/3256806149591396.html,com: f1 1:18 diecast
Готовая модель,1:24,Rastar,rastar 1:24 Red Bull F1 RB19 alloy rally car model car ornaments collection with rich details fine workmanship and good quality,2116,2621,19,82,4.9,3390,782,com,https://www.aliexpress.us/item/3256809074457848.html,com: rastar rb19 1:8
Готовая модель,1:24,Bburago,"Bburago 1:24 Серия F1 Ferrari SF23 2022-2025 Модель Автомобиля, Литая Металлическая Имитация Гоночного Транспортного Средства",2359,7854,70,78,4.9,3790,881,ru,https://aliexpress.ru/item/1005010633502926.html,bburago f1 1:24
Готовая модель,1:24,Bburago,Bburago 1:24 Ferrari F1-75 75th Anniversary Diecast Model Car - Leclerc 55 # Сайнц 65 # Гоночные Автомобили Формулы-1 - М...,2519,7861,68,74,4.8,4090,978,ru,https://aliexpress.ru/item/1005010634967641.html,bburago f1 1:24
Готовая модель,1:24,Bburago,Bburago 1:24 2023 F1 Red Bull Racing RB19 Модель Автомобиля С Верстаппеном # 11 Фигурок Победителей,2891,7812,63,58,5.0,4690,1119,ru,https://aliexpress.ru/item/1005009158889548.html,bburago f1 1:24
Готовая модель,1:24,Bburago,Burago 1:24 F1 2023 Red Bull RB19 Alloy Car Model,1842,,,36,4.5,2990,714,ru,https://aliexpress.ru/item/1005009012652495.html,bburago f1 1:24
Готовая модель,1:24,,"1: 24 Simulation Red Bull RB19 Model Car, Static Model Ornament, Collectible Gift",1902,4912,61,33,4.9,3090,740,com,https://www.aliexpress.us/item/3256810078911955.html,com: rastar rb19 1:8
Готовая модель,1:24,,CCA MSZ 1:24 3 series 2023 McLaren F1 Team MCL60 4# Lando Norris 81# Oscar Piastri alloy car model toy series collection gift,1847,5205,64,24,,2990,709,com,https://www.aliexpress.us/item/3256807620004677.html,com: rastar f1 1:12 rc
Готовая модель,1:24,,CCA 1:24 McLaren MCL60 UK F1 Formula Racing Alloy Model Car Ornament Gift for Boys can be given as a gift to children,2174,3100,29,17,4.3,3490,810,com,https://www.aliexpress.us/item/3256809689195503.html,com: f1 1:12 model
Готовая модель,1:24,Rastar,rastar 1:24 Red Bull F1 RB19 Formula 2023 Racing Alloy Car Model F1 Rally Racing Car suitable for collection,2152,2657,19,11,,3490,832,com,https://www.aliexpress.us/item/3256809743095198.html,com: rastar rb19 1:8
Готовая модель,1:24,Bburago,Bburago 1:24 F1 Mercedes-AMG Team W14 Diecast Model,3571,3977,10,3,5.0,5790,1379,ru,https://aliexpress.ru/item/1005009709533064.html,bburago f1 1:24
Готовая модель,1:24,Rastar,rastar 1/24 2023 F1 Red Bull RB19 #1 Max Verstappen Champion Car Model Formula 1 Racing Alloy DIecast Vehicles Toy Collection,2858,,,2,,4590,1066,com,https://www.aliexpress.us/item/3256807970217170.html,com: rastar f1 1:12 rc
Готовая модель,1:24,Bburago,Коллекционные модели автомобилей Bburago Ferrari SF24 Leclerc 1:24,2749,8582,68,1,5.0,4390,1004,ru,https://aliexpress.ru/item/1005011529142703.html,bburago f1 1:24
Готовая модель,1:24,Bburago,Bburago 1:24 Mercedes-AMG W15+ Winning F1,3001,8823,66,1,,4890,1180,ru,https://aliexpress.ru/item/1005012832809401.html,bburago f1 1:24
Готовая модель,1:32,Rastar,rastar simulation 1:32 Red Bull F1 RB19 Alloy Formula Racing F1 Car Model static desktop car decoration collection gift,1813,2318,21,1,,2990,743,com,https://www.aliexpress.us/item/3256810568104588.html,com: rastar rb19 1:8
Готовая модель,1:32,Rastar,"rastar 1:32 simulation Red Bull RB19 F1 Formula rally car alloy model rich details, fine workmanship, and good quality",2321,,,1,,3790,919,com,https://www.aliexpress.us/item/3256812036902879.html,com: rastar rb19 1:8
Готовая модель,1:32,Rastar,"rastar 1:32 simulation Red Bull RB19 Formula F1 alloy car model static decorations collection rich in details, finely crafted",1771,2276,22,1,,2890,700,com,https://www.aliexpress.us/item/3256812698200080.html,com: rastar rb19 1:8
Готовая модель,1:36,,1:36 F1 Sports Car Alloy Car Diecasts Toy Vehicles Metal Toy Car Model Collection Toy Gifts,92,1368,93,1,,190,70,com,https://www.aliexpress.us/item/3256812521083368.html,com: f1 1:12 model
Готовая модель,1:43,Bburago,Bburago 1:43 McLaren MCL39 литой металлический автомобиль,1199,,,6167,4.9,2390,844,ru,https://aliexpress.ru/item/1005008255500448.html,bburago f1 1:43
Готовая модель,1:43,Bburago,Bburago 1:43 металлическая модель гоночного автомобиля F1,1110,,,5650,4.9,2290,848,ru,https://aliexpress.ru/item/1005004600530745.html,bburago f1 1:43
Готовая модель,1:43,Bburago,Bburago 1:43 2025 F1 Alloy Car Model Formula Racing Die Cast Toy SF25 RB21 W16 MCL39 Red Bull Mercedes Ferrari McLaren,770,1452,47,2000,4.9,1590,589,com,https://www.aliexpress.us/item/3256810022602066.html,com: f1 1:12 model
Готовая модель,1:43,Bburago,Bburago 1:43 2025 F1 Модель автомобиля из сплава Formula Racing Литая игрушка SF25 RB21 W16 MCL39 Red Bull Mercedes Ferrari McLaren,789,1430,45,1947,4.9,1590,570,ru,https://aliexpress.ru/item/1005010208916818.html,bburago f1 1:43
Готовая модель,1:43,Bburago,Burago 1:43 Red Bull RB21 Formula Car,789,1430,45,1206,4.9,1590,570,ru,https://aliexpress.ru/item/1005010206525167.html,bburago f1 1:43
Готовая модель,1:43,Bburago,Bburago 2025 F1 1:43 Red Bull RB21 Japanese GP Formula Car Static Die Cast Vehicles Collectible Model Racing Car Toys,842,1452,42,1000,4.9,1690,603,com,https://www.aliexpress.us/item/3256810020210415.html,com: rastar f1 1:12 rc
Готовая модель,1:43,Bburago,Bburago 1:43 2024 F1 Model With Helmet Alloy Miniature Diecast Formula Racing Car Toy MCL38 W15 SF24 RB20 A524,1456,2347,38,900,4.9,2990,1100,com,https://www.aliexpress.us/item/3256808397803758.html,com: f1 1:18 diecast
Готовая модель,1:43,Bburago,Burago 1:43 модель F1 2025 с шлемом,1329,2683,50,632,4.9,2690,971,ru,https://aliexpress.ru/item/1005010217911411.html,bburago f1 1:43
Готовая модель,1:43,Bburago,"Модель Гоночного Болида Red Bull Racing F1 Bburago 1:43, Литая Под Давлением, 2024 RB20",1561,4877,68,352,4.8,2490,568,ru,https://aliexpress.ru/item/1005009140701695.html,bburago f1 1:43
Готовая модель,1:43,Bburago,Bburago 1:43 F1 2024 Формула 1 Коллекционная модель автомобиля,1169,3762,69,346,4.9,2390,874,ru,https://aliexpress.ru/item/1005009124365068.html,bburago f1 1:43
Готовая модель,1:43,Bburago,Burago 1:43 McLaren Racing MCL39 F1 модель авто,1379,2500,45,340,4.8,2790,1006,ru,https://aliexpress.ru/item/1005010265695253.html,bburago f1 1:43
Готовая модель,1:43,Bburago,Bburago 1:43 Ferrari SF25 Miami Version F1 Модель автомобиля из металла,1501,2500,40,290,4.9,2490,628,ru,https://aliexpress.ru/item/1005011860193436.html,bburago f1 1:43
Готовая модель,1:43,,CCA MSZ 1:43 McLaren F1 Team 2023 MCL60 4# Lando Norris 81# Oscar Piastri alloy car model toy series collection gift,444,2916,84,275,4.8,890,317,com,https://www.aliexpress.us/item/3256808307444841.html,com: f1 1:12 model
Готовая модель,1:43,Bburago,Bburago 1:43 Verstappen F1 Alloy Car Model Red Bull Racing RB16B RB19 RB20 RB21 Static Diecast Toy,884,1474,40,248,4.8,1790,646,com,https://www.aliexpress.us/item/3256811793550959.html,com: rastar f1 1:12 rc
Готовая модель,1:43,Bburago,Модель автомобиля Bburago 1:43 Ферстаппен F1,1501,2500,40,176,4.8,2490,628,ru,https://aliexpress.ru/item/1005011979865711.html,bburago f1 1:43
Готовая модель,1:43,,2023 1:43 F1 Red Bull RB19 Racing Max Verstappen Alloy Metal Diecast Model Car Home Trendy Ornaments & Computer Desktop Decorate,92,783,88,149,4.7,190,70,com,https://www.aliexpress.us/item/3256810347624901.html,com: f1 1:12 model
Готовая модель,1:43,Bburago,Bburago 1:43 2026 F1 Mercedes W17 E Performance Car Model Formula Racing Diecast Vehicles Toy 63# Russell 12# Antonelli,1546,,,138,,2490,583,com,https://www.aliexpress.us/item/3256812686619156.html,com: f1 1:12 model
Готовая модель,1:43,Bburago,Bburago 1/43 Red Bull Racing RB13 RB15 RB16 B RB18 RB19 RB20 RB21 #33 #3 Ricciardo #1 Verstappen #11 Perez #22 GP Car Model Toy,2211,,,134,4.9,3590,858,com,https://www.aliexpress.us/item/3256809424880638.html,com: rastar rb19 1:8
Готовая модель,1:43,Bburago,"Bburago 1:43 F1 McLaren MCL38 Гран-при Монако, Литая Модель Автомобиля Из Металлического Сплава",1082,3276,67,130,4.9,2190,790,ru,https://aliexpress.ru/item/1005009138710796.html,bburago f1 1:43
Готовая модель,1:43,Bburago,Bburago 1:43 Mercedes W17 E Performance модель авто Формулы-1,1458,1518,4,109,,2990,1098,ru,https://aliexpress.ru/item/1005012872933908.html,bburago f1 1:24
Готовая модель,1:43,Bburago,Bburago 1:43 2023 F1 Red Bull Racing RB19 Miami GP 1# Verstappen 11# Perez racing model simulation car model alloy car toy,2251,6431,65,83,4.7,3690,904,com,https://www.aliexpress.us/item/3256806939180585.html,com: rastar rb19 1:8
Готовая модель,1:43,Bburago,Burago 1:43 Mercedes-AMG 2025 W16,1192,,,48,4.8,2390,851,ru,https://aliexpress.ru/item/1005010231925077.html,bburago f1 1:43
Готовая модель,1:43,Bburago,Bburago 1:43 Ferrari SF26 F1,1499,1594,6,45,,2990,1057,ru,https://aliexpress.ru/item/1005013123378832.html,bburago f1 1:43
Готовая модель,1:43,Bburago,"В наличии: Bburago 1:43 Ferrari SF‑26 F1 Гоночный Автомобиль, Металлическая Литая Модель-Игрушка # 16 Леклерк # 44 Hamilton Deluxe Edition SF26 Миниат",3329,6652,50,36,5.0,5390,1279,ru,https://aliexpress.ru/item/1005013047835196.html,bburago f1 1:43
Готовая модель,1:43,Bburago,Bburago 1:43 Mercedes AMG W17 E Performance,1499,1594,6,31,,2990,1057,ru,https://aliexpress.ru/item/1005013034982313.html,bburago f1 1:43
Готовая модель,1:43,Bburago,Bburago 1:43 F1 Racing 2019 Red Bull Rb15 #33,1159,,,29,4.0,2390,884,ru,https://aliexpress.ru/item/1005009101217292.html,bburago f1 1:43
Готовая модель,1:43,Bburago,Bburago 1:43 2026 Ferrari F1 SF-26 Car Model Formula Racing SF26 Diecast Vehicles Toy 16# Leclerc 44# Hamilton,1537,1636,6,21,,2490,592,com,https://www.aliexpress.us/item/3256812901712059.html,com: f1 1:12 model
Готовая модель,1:43,Bburago,Bburago 1:43 Ferrari SF-26 Модель автомобиля Формула-1,1453,1545,6,17,,2990,1103,ru,https://aliexpress.ru/item/1005013088026811.html,bburago f1 1:24
Готовая модель,1:43,Bburago,"Bburago 1:43 2025 F1 McLaren MCL39 # 4-Ландо Норрис # 91, литая модель автомобиля из сплава Oscar Piastri, коллекционная игрушка",1709,5174,67,13,5.0,2790,676,ru,https://aliexpress.ru/item/1005010618027248.html,bburago f1 1:43
Готовая модель,1:43,Bburago,Bburago 1:43 2026 Cadillac F1 MAC-26 Car Model Formula Racing MAC26 Diecast Vehicles Toy 77# Bottas 11# Perez,1546,,,13,,2490,583,com,https://www.aliexpress.us/item/3256812902247349.html,com: f1 1:12 model
Готовая модель,1:43,Minichamps,Minichamps 1:43 F1 FW08 FW11 FW20-FW45 Simulation Limited Edition Resin Metal Static Car Model Toy Gift,6777,7530,10,11,,10890,2534,com,https://www.aliexpress.us/item/3256811943544385.html,com: minichamps f1
Готовая модель,1:43,Bburago,Bburago 1:43 Ferrari 2026 SF26 литой металлический автомобиль,1999,2104,5,8,,3190,728,ru,https://aliexpress.ru/item/1005013108385102.html,bburago f1 1:43
Готовая модель,1:43,Minichamps,MINICHAMPS 1:43 2021 F1 MB PETRONAS W12 E No44 L.HAMILTON 1ST BRAZILIAN W/FLAG Model Car,10612,,,6,,14390,1691,com,https://www.aliexpress.us/item/3256805276248312.html,com: minichamps f1
Готовая модель,1:43,Minichamps,Minichamps 1:43 F1 MP4/2-31 Prost Vettel Hakkinen Raikkonen Alonso Barton Limited Edition Resin Metal Static Car Model Toy Gift,8673,9636,10,4,,11790,1407,com,https://www.aliexpress.us/item/3256812243632158.html,com: minichamps f1
Готовая модель,1:43,Minichamps,Minichamps 1:43 F1 B188 B191 B195 B199 B201 Simulation Limited Edition Resin Metal Static Car Model Toy Gift,7970,8855,10,4,,10790,1255,com,https://www.aliexpress.us/item/3256812004578493.html,com: minichamps f1
Готовая модель,1:43,Minichamps,New 1:43 Minichamps F1 Mcl60 Piastri 2023 Monaco Grand Prix Simulation Resin Miniature Car Model Custom Boy Toy Gift Decoration,11941,19902,40,3,,16190,1901,com,https://www.aliexpress.us/item/3256810400621164.html,com: minichamps f1
Готовая модель,1:43,Bburago,Bburago 1:43 Mercedes-AMG 2025 W16 #63 George Russell,1139,3067,63,2,4.9,2290,819,ru,https://aliexpress.ru/item/1005012260270028.html,bburago f1 1:18
Готовая модель,1:43,Minichamps,Minichamps 1/43 Williams 2025 F1 FW47 Alex Albon Resin Car Model simulation collection cars model room display boy toys gift,12673,18105,30,2,,17190,2024,com,https://www.aliexpress.us/item/3256811895328537.html,com: minichamps f1
Готовая модель,1:43,Minichamps,New In Stock Minichamps 1:43 Alfa Romeo Sauber F1 Team Charles Leclerc Azerbaijan Gp 2018 Resin Miniature Model Racing F1 Toys,22285,,,2,,30090,3442,com,https://www.aliexpress.us/item/3256811455125903.html,com: minichamps f1
Готовая модель,1:43,Minichamps,Minichamps 1:43 F1 72 79 81 98T R31 Simulation Limited Edition Resin Metal Static Car Model Toy Gift,9915,11018,10,2,,13390,1533,com,https://www.aliexpress.us/item/3256811927987969.html,com: minichamps f1
Готовая модель,1:43,Minichamps,Minichamps Diecast model 1:43 F1 W16 E 2025 RB21 RB20 2024 MCL39 2025 Car Model Alloy Collection,12360,13582,9,1,,16690,1910,com,https://www.aliexpress.us/item/3256812764158455.html,com: minichamps f1
Готовая модель,1:43,Minichamps,"[In Stock] Minichamps 1/43 Resin F1 RB19, Las Vegas GP Livery, Driver Figure & Diorama Base, Limited Collectible",14163,30134,53,1,,19190,2244,com,https://www.aliexpress.us/item/3256812995387394.html,com: minichamps f1
Готовая модель,1:43,Minichamps,Minichamps 1:43 F1 STR2-14 Vettel Vergne Kvyat Alguersuari Simulation Limited Edition Resin Metal Static Car Model Toy Gift,9001,10001,10,1,,12190,1421,com,https://www.aliexpress.us/item/3256812286548302.html,com: minichamps f1
Готовая модель,1:43,Minichamps,Minichamps 1:43 F1 197 198 EJ12 EJ14 Simulation Limited Edition Resin Metal Static Car Model Toy Gift,9001,10001,10,1,,12190,1421,com,https://www.aliexpress.us/item/3256811952414438.html,com: minichamps f1
Готовая модель,1:43,Minichamps,Minichamps 1:43 F1 W01-W14 Hamilton Rosberg Russell Bottas Simulation Limited Edition Resin Metal Static Car Model Toy Gift,9915,11018,10,1,,13390,1533,com,https://www.aliexpress.us/item/3256812241847546.html,com: minichamps f1
Готовая модель,1:43,Minichamps,Minichamps 1:43 F1 RB5 RB6 RB7 RB9 RB12 RB13 RB15 RB16 RB18 Simulation Limited Edition Resin Metal Static Car Model Toy Gift,8433,9371,10,0,,11390,1305,com,https://www.aliexpress.us/item/3256811961175183.html,com: minichamps f1
Готовая модель,1:43,Minichamps,Minichamps 1/43 Mercedes-AMG Petronas F1 W16 #63 George Russell #12 Kimi Antonelli Resin Collectible Car Model Boy Birthday Gift,11343,16204,30,0,,15390,1815,com,https://www.aliexpress.us/item/3256810472707897.html,com: minichamps f1
Готовая модель,1:43,Minichamps,New Minichamps 1:43 Mercedes-Amg F1 W16 E 2025 Russell & Mclaren Mcl39 2025 British Norris Resin F1 Racing Car Model Toys Gifts,13922,,,0,,18790,2143,com,https://www.aliexpress.us/item/3256812678943158.html,com: minichamps f1
Готовая модель,1:43,Minichamps,Minichamps 1/43 Alpine F1 Team A524 Esteban Ocon Resin Car Model Limited Edition Simulation Collectible Cars Boy Bvirthday Gifts,11247,16067,30,0,,15190,1740,com,https://www.aliexpress.us/item/3256810447342031.html,com: minichamps f1
Готовая модель,1:43,Minichamps,Minichamps 1:43 F1 F300 F310 Series Schumacher Simulation Limited Edition Resin Metal Static Car Model Toy Gift,9643,10715,10,0,,13090,1549,com,https://www.aliexpress.us/item/3256812290673723.html,com: minichamps f1
Готовая модель,1:43,Minichamps,Minichamps 1:43 F1 TF105 Trulli Mick Simulation Limited Edition Resin Metal Static Car Model Toy Gift,7234,8037,10,0,,9790,1136,com,https://www.aliexpress.us/item/3256812306555594.html,com: minichamps f1
Готовая модель,1:43,Minichamps,Minichamps 1:43 F1 AMR22 AMR23 Vettel Alonso Simulation Limited Edition Resin Metal Static Car Model Toy Gift,12689,14098,10,0,,17190,2008,com,https://www.aliexpress.us/item/3256812291011268.html,com: minichamps f1
Готовая модель,1:43,Minichamps,MINICHAMPS 1/43 Scale F1 Roadcar Die cast alloy car models and toy car collection and display vehicles,5345,,,0,,8590,1999,com,https://www.aliexpress.us/item/3256811572986699.html,com: minichamps f1
Готовая модель,1:43,Minichamps,Minichamps 1:43 F1 001 006 007 Button Barrichello Takuma Simulation Limited Edition Resin Metal Static Car Model Toy Gift,7234,8037,10,0,,9790,1136,com,https://www.aliexpress.us/item/3256812238248583.html,com: minichamps f1
Готовая модель,1:64,Bburago,Bburago 1:64 2025 F1 Alloy Car Model SF25 RB21 W16 MCL39 Red Bull Mercedes Ferrari McLaren Formula Racing Die Cast Toy,1225,,,2000,4.9,2490,904,com,https://www.aliexpress.us/item/3256810055872520.html,com: rastar f1 1:12 rc
Готовая модель,1:64,Bburago,BBURAGO 1:64 McLaren F1 2025 модель автомобиля из металла,979,3251,70,1249,4.9,1990,722,ru,https://aliexpress.ru/item/1005010244584411.html,bburago f1 1:18
Готовая модель,1:64,MiniGT,MiniGT 1:64 Ayrton Senna F1 Toleman TG184 #19 MiniGT 1118/1193& Lotus 99T #12 Monaco Winner MiniGT 1088/1148 Diecast Model Car,1137,2063,44,500,,2290,821,com,https://www.aliexpress.us/item/3256809130452413.html,com: f1 1:12 model
Готовая модель,1:64,Bburago,Bburago 1:64 2025 F1 MCL39 RB21 W16 SF25 Гоночный литой автомобиль Модель Formula Гоночный автомобиль Игрушки,692,728,5,296,4.9,1390,496,ru,https://aliexpress.ru/item/1005010303473367.html,bburago f1 1:18
Готовая модель,1:64,Hot Wheels,"Hot Wheels 2026-H Series,Ferrari SF90 Raijin Express Audi RS6 Sauber F1 Porsche 928S Bens,1:64 Deicast Alloy Car,Collection Gift",728,,,97,,1490,546,com,https://www.aliexpress.us/item/3256812014760080.html,com: f1 1:18 diecast
Готовая модель,1:64,Bburago,Bburago 1:64 RB21 F1 Car Model Verstappen 1# 2025 Red Bull Racing Formula Diecast Vehicles Toy,900,947,5,50,,1790,630,com,https://www.aliexpress.us/item/3256811887470948.html,com: minichamps f1
Готовая модель,1:64,Hot Wheels,New Hot Wheels Premium Gold Label Hrv11 1/64 F1 Diecast Model Car Team Livery Formula Racing Collectible Vehicle Gift Toys,417,2166,80,47,,890,344,com,https://www.aliexpress.us/item/3256812645879621.html,com: f1 1:12 model
Готовая модель,1:64,Hot Wheels,"Hot Wheels GMH39 Le Mans Garage Gulf Oil Livery Series,McLaren F1 Ford GT40 1:64 Diecast Alloy Cars, Vintage Racing Collection",4197,,,36,,6790,1608,com,https://www.aliexpress.us/item/3256810409440120.html,com: f1 1:12 model
Готовая модель,1:64,MiniGT,MINIGT 1/64 Oracle Red Bull Racing RB19 #1 Max Verstappen MGT01194-CH Cars Alloy Diecast Metal Model Kids Toys Boys,1622,2548,36,32,,2590,592,com,https://www.aliexpress.us/item/3256812081629059.html,com: f1 1:12 model
Готовая модель,1:64,Minichamps,New In Stock Minichamps 1:64 Mclaren F1 Mcl39 Abu Dhabi Gp 2025 Champion #4 Simulation Alloy Miniature Model Doll Toy Kids Gift,6041,10069,40,25,,9690,2244,com,https://www.aliexpress.us/item/3256809942803914.html,com: minichamps f1
Готовая модель,1:64,Minichamps,MINICHAMPS 1:64 2026F1 W17 Kimi W16E #63 G.RUSSELL SINGAPORE GP 2025 W FIGURINE DIECAST MODEL CAR,3445,3950,12,20,,5590,1334,com,https://www.aliexpress.us/item/3256812492834204.html,com: minichamps f1
Готовая модель,1:64,Minichamps,Mercedes-AMG Minichamps 1:64 W17 F1 2026 Chinese GP #12 Kimi Antonelli 640260212 Collectible Model Vehicles Alloy Diecast,4479,,,18,,7190,1668,com,https://www.aliexpress.us/item/3256812785855659.html,com: f1 1:12 model
Готовая модель,1:64,Spark,"Spark 1:64 F1 Racing Team, Cast Aluminum Model Car, Boys' Toy, Adult Collectible, Festival Gift.",2691,7235,62,15,,4390,1062,com,https://www.aliexpress.us/item/3256812571241104.html,com: f1 1:12 model
Готовая модель,1:64,Minichamps,"Limited edition for the 2026 Beijing Auto Show, MINICHAMPS 1:64 McLaren F1 MCL39, the 2025 post-season test car of Lando Norris.",5629,11258,50,13,,9090,2143,com,https://www.aliexpress.us/item/3256811979355585.html,com: f1 1:12 model
Готовая модель,1:64,Minichamps,"MINICHAMPS 1:64 F1 Series Cast Alloy Car Model, Racing Car Limited Edition, Adult Collection Decorative Piece.",4154,9318,55,8,,6690,1566,com,https://www.aliexpress.us/item/3256812606831581.html,com: minichamps f1
Готовая модель,1:64,,Fuelme TOC 1:64 812 Competizione FE812C Green Blu Tour De France Rosso Fuoco F1 with Decals Diecast Model Car,2704,,,7,,4390,1049,com,https://www.aliexpress.us/item/3256808998922346.html,com: f1 1:12 model
Готовая модель,1:64,Minichamps,MINICHAMPS 1:64 MCL39L Norris #4 F1 533258804/533258884 Diecast Car Model World Champion 2025 Post Season Testing In Stock,3147,,,7,,5090,1205,com,https://www.aliexpress.us/item/3256812961387851.html,com: minichamps f1
Готовая модель,1:64,Minichamps,Minichamps 1:64 Mercedes-Amg F1 W16 Kimi Antonelli 2025 Replica Malaysia Diecast Expo 2026 Limited Edition With Figurine Toy Kid,6222,,,5,,9990,2319,com,https://www.aliexpress.us/item/3256812164390860.html,com: minichamps f1
Готовая модель,1:64,Minichamps,"MINICHAMPS 1:64 AMG Petronas F1 W16 racing model, limited edition for 2026 Malaysia exhibition, die cast alloy car model.",7081,14162,50,5,,9590,1118,com,https://www.aliexpress.us/item/3256812187907793.html,com: minichamps f1
Готовая модель,1:64,Minichamps,"In stock MINICHAMPS 1:64 F1 Red Bull Racing car RB21 MAX VERSTAPPEN with figure, die-cast alloy model, boy's gift.",11133,22266,50,3,,15090,1769,com,https://www.aliexpress.us/item/3256810493801324.html,com: minichamps f1
Готовая модель,1:64,Minichamps,"MINICHAMPS 1:64 McLaren F1 MCL39,Limited edition for the 2026 Beijing Auto Show, the 2025 post-season test car of Lando Norris.",5668,11335,50,3,,9090,2104,com,https://www.aliexpress.us/item/3256811979445404.html,com: minichamps f1
Готовая модель,1:64,Minichamps,"MINICHAMPS 1:64 2025 British Grand Prix MCL39 Norris McLaren F1 Scale Alloy Car Model, a gift for a friend, a collection piece.",7253,9066,20,3,,9790,1117,com,https://www.aliexpress.us/item/3256812443534715.html,com: minichamps f1
Готовая модель,1:64,Minichamps,"MINICHAMPS 1:64 F1 Series Cast Alloy Car Model, Boys' Gift, Adult Collection Decorative Piece.",4830,9659,50,2,,7790,1830,com,https://www.aliexpress.us/item/3256812390758378.html,com: minichamps f1
Готовая модель,1:64,Minichamps,"MINICHAMPS 1:64 Scale RB16 2021 Turkish Grand Prix F1 Racing Vehicle, Exquisite Diecast Hobby Collectible Display Model",4746,9494,50,0,,7590,1743,com,https://www.aliexpress.us/item/3256812970703212.html,com: minichamps f1
Готовая модель,1:64,Minichamps,"MINICHAMPS 1:64 Racing F1 Vastapen Imola 2025 Car Model, Finished Collection Decoration Item, Birthday Gift",5251,10501,50,0,,8490,2008,com,https://www.aliexpress.us/item/3256812897594996.html,com: minichamps f1
Готовая модель,1:64,Minichamps,"MINICHAMPS 1:64 Scale RB12 2016 Spanish Grand Prix F1 Racing Vehicle, Exquisite Diecast Hobby Collectible Display Model",4746,9494,50,0,,7590,1743,com,https://www.aliexpress.us/item/3256812981177461.html,com: minichamps f1
Готовая модель,1:64,Minichamps,In Stock MINICHAMPS 1:64 W17 F1 #63 Highly detailed Die‑cast Alloy Car Model Static Display Replica For Car‑model Enthusiasts,6182,12363,50,0,,9890,2274,com,https://www.aliexpress.us/item/3256812852448681.html,com: minichamps f1
Готовая модель,1:64,Minichamps,"[In Stock] Minichamps 1/64 Diecast F1 Model Car, Driver Figure & Pit Board Accessories, Collectible With Display Case",6341,12683,50,0,,10190,2371,com,https://www.aliexpress.us/item/3256812951983332.html,com: minichamps f1
Готовая модель,1:64,Minichamps,MINICHAMPS 1:64 RB21 F1 #25 2025 Emilia Romagna Die‑cast Alloy Car Model With Accessory For Collection Display,6494,12989,50,0,,10390,2389,com,https://www.aliexpress.us/item/3256812842494496.html,com: minichamps f1
Готовая модель,1:8,,1361/1639PCS Technology Speed Champions SF-24 RB20 1:8 Racing Car Detailed Build Model Car Display Vehicle Collection Decor Gift,3205,6820,53,1,,5190,1232,com,https://www.aliexpress.us/item/3256812354761471.html,com: lego speed champions f1
Конструктор,,,2026 NEW MK6025 Technical Classic Performance 1900+Pcs RB21 White Sports Car Building Blocks MOC DIY Assembly Model Boy Toy Gift,2006,5708,64,1000,4.8,3290,807,com,https://www.aliexpress.us/item/3256812605226634.html,com: lego speed champions f1
Конструктор,,CaDA,Cada Sauber F1 Team C44 Formula-1 Racing Car Building Blocks Set - Number 24 Sports Car City KICK Bricks Toy Gift for Fans,10614,25084,57,494,4.5,14390,1689,com,https://www.aliexpress.us/item/3256808365507427.html,com: lego f1
Конструктор,,,6Pcs Goods Wall Mount Hook for MOC Technic F1 W14 E Wall Hanging Cars Display Rack (42171 Wall Hook),92,314,70,387,4.9,190,70,com,https://www.aliexpress.us/item/3256810076270967.html,com: lego technic f1 42207
Конструктор,,CaDA,Cada MOC Sauber F1 Team C44 Formula-1 Racing Car Building Blocks Set Number 24 Sports Car City KICK Bricks Toy Holiday Gift,1822,6648,72,340,4.7,2990,734,com,https://www.aliexpress.us/item/3256807694767657.html,com: lego speed champions f1
Конструктор,,CaDA,"CaDA Alpine F1 A525 Formula Racing Car No.43 Collectible Building Blocks, Assembly Toys for Boys and Girls, Holiday Gifts",1588,4524,64,268,4.9,2590,626,com,https://www.aliexpress.us/item/3256811986486740.html,com: lego f1
Конструктор,,,F1 Racing Car Building Blocks 8-Grid Racing Champion Vehicle (With Stickers) Children's Birthday Gift Christmas Toy Gift,1708,2976,42,218,4.6,2790,677,com,https://www.aliexpress.us/item/3256810010101291.html,com: lego f1
Конструктор,,,Building Block Technology Assembled Particle 4410 F1 Smooth Tire 81.6mm D.x44mm Toy Parts 4472 Hub Cap Toy Gift,92,349,73,171,4.7,190,70,com,https://www.aliexpress.us/item/3256808379088834.html,com: f1 building blocks 1:8
Конструктор,,,MOC Racing Sports Car Vehicle City Speed Racer Technique Model Building Blocks Brick Set Supercar F1 Kids Toys Boys Gifts NSX,159,664,76,157,4.8,390,174,com,https://www.aliexpress.us/item/3256805211460819.html,com: f1 building blocks 1:8
Конструктор,,LEGO,"Display Wallboard for Lego 42207 Ferrari SF-24 F1,42171 Mercedes-AMG Adult Collectibles for Lego Car Wall Mount Building Blocks",5508,11720,53,149,,8890,2093,com,https://www.aliexpress.us/item/3256810150600219.html,com: lego technic f1 42207
Конструктор,,,2025 Speed Rally Racing City Champions F1 Building Blocks Vehicle Set FIA Classic Hot Sports Car Model Brick Kids Toy adult Gift,955,,,92,4.8,1990,746,com,https://www.aliexpress.us/item/3256807563544047.html,com: lego speed champions f1
Конструктор,,LEGO,"Display Wallboard for Lego 42207 Ferrari SF-24 F1,Adult Collectibles for Lego Car Wall Mount Building Blocks Display Wall only",4772,11729,59,89,,7690,1803,com,https://www.aliexpress.us/item/3256809576354687.html,com: lego technic f1 42207
Конструктор,,CaDA,CaDA 2024 MOC Sauber F1 Team C44 Formula 1 (F1) Racing Car Sports Car Building Blocks Holiday Gift Kids' Building Block Toy,1183,3592,67,87,4.4,2390,860,com,https://www.aliexpress.us/item/3256809817987072.html,com: lego speed champions f1
Конструктор,,,2026 NEW MK6025 Technical Classic Performance 1900+Pcs RB21 White Sports Car Building Blocks MOC DIY Assembly Model Boy Toy Gift,3986,9763,59,83,,6390,1477,com,https://www.aliexpress.us/item/3256812378401680.html,com: f1 1:8 model
Конструктор,,CaDA,Cada KICK Sauber Team C44 F1 Technical Racing Car Number 24 Sports Car Building Blocks Car Bricks Toys Holiday Gifts,1994,5317,62,72,4.7,3190,733,com,https://www.aliexpress.us/item/3256808597623468.html,com: lego speed champions f1
Конструктор,,,MOC-252246 New Classic W17 Sports Racing Car Building Block Model 250 Parts Boys Children's Birthday Christmas Toy Gift,2331,2914,20,47,4.4,3790,909,com,https://www.aliexpress.us/item/3256811710487773.html,com: lego speed champions f1
Конструктор,,,1152pcs High-Tech F1 Racing Car Building Blocks Set - Super Technical Models Creative Toy Bricks Gift for Kids And Experts,2377,6779,64,45,4.8,3890,949,com,https://www.aliexpress.us/item/3256809602058789.html,com: lego f1
Конструктор,,,MOC Car Speed Super Racer Police Vehicle Diy Model Building Block Famous F1 Sports Brick Kid toy Technique Pickup City Racing,92,370,75,45,4.7,190,70,com,https://www.aliexpress.us/item/2255800121204074.html,com: lego technic f1 42207
Конструктор,,,MOC Racing Model Building Block Assembly City Sports Car F1 Boy Collection Toys DIY Gifts,8915,25470,65,41,4.7,12090,1422,com,https://www.aliexpress.us/item/3256804707901411.html,com: lego speed champions f1
Конструктор,,CaDA,Cada Technical Drift Racing MOC F1 Champions Team C42 2022 Racing Car Building Blocks Sports Car Brick Puzzle Toys Kids Gifts,7904,33519,76,33,,10690,1236,com,https://www.aliexpress.us/item/3256810294649537.html,com: lego f1
Конструктор,,LEGO,Display Wallboard for Lego Speed Ferrari SF-24 F1 Car Technic 42207 Adult Collectible Car Wall Mount Building Blocks Photo Frame,4884,11226,56,30,4.4,7890,1862,com,https://www.aliexpress.us/item/3256811659186598.html,com: lego technic f1 42207
Конструктор,,,LED Lighting Kit Compatible with 42141 42171 42206 42207 Formula Style Racing Car Building Blocks Model Decorative Light Set,2225,,,30,3.3,3590,844,com,https://www.aliexpress.us/item/3256810456836923.html,com: lego technic f1 42207
Конструктор,,CaDA,Cada NEW Famous Supercar Alpine F1 A525 F1 Racing Car Number 43 Sports Car Building Blocks City Car Bricks Toys Holiday Gifts,2744,4989,45,18,2.7,4390,1009,com,https://www.aliexpress.us/item/3256811837004401.html,com: lego speed champions f1
Конструктор,,,NEW Technical Iron Knight Racing Truck Building Blocks Model DIY Racing Car Formula F-1 Brick Heavy Vehicle Kids Toy Gifts,4685,7557,38,16,,7490,1719,com,https://www.aliexpress.us/item/3256810012452159.html,com: lego technic f1 42207
Конструктор,,,1642PCS New Technical F1 W14 E Performance Speed Race Car Building Blocks Brick Compatible MOC Vehicle Model Car DIY Toys Gifts,3116,8064,61,14,,4990,1150,com,https://www.aliexpress.us/item/3256812746488295.html,com: lego f1
Конструктор,,,Technical APP Remote Control Moter Power Sport Car Building Blocks Bricks F1 Formula Speed Racing Sets Toys For Kids Models Gift,2322,5979,61,14,,3790,918,com,https://www.aliexpress.us/item/3256806809997813.html,com: lego f1
Конструктор,,,MOC Speed Vehicles Future GPX Cyber Formula Asurada AKF-11 Sports Car Technical Sets Building Blocks Toys For Children Gift,1458,2084,30,14,4.5,2990,1098,com,https://www.aliexpress.us/item/3256806407925336.html,com: lego speed champions f1
Конструктор,,,MOC-222983 Building Blocks F1 Small Car T p34 1:27 Racing Car Assembly Model 176 Pieces Birthday Christmas Toy Gift,2383,2979,20,13,,3890,943,com,https://www.aliexpress.us/item/3256809974593352.html,com: lego f1
Конструктор,,LEGO,LED Lighting Set Suitable for LEGO Ferrari SF-24 F1 Car 42207 Building Blocks,1166,3411,65,13,,2390,877,com,https://www.aliexpress.us/item/3256812143110487.html,com: lego technic f1 42207
Конструктор,,CaDA,MOC F1 Bricks Cada C55024 300PCS Building Blocks Set A525 Alpine Sports Vehicle Model Toys for Child Holiday Gifts,3008,4360,31,12,,4890,1173,com,https://www.aliexpress.us/item/3256810571110578.html,com: lego f1
Конструктор,,,"The 2026 new MOC technology SF-25 red/white racing car assembly figurines, totaling 1915 pieces, make suitable holiday gifts.",3870,9308,58,12,,6190,1422,com,https://www.aliexpress.us/item/3256812552961496.html,com: lego technic f1 42207
Конструктор,,,1642PCS Technical F1 W14 E Performance Speed Race Car Building Blocks Brick Compatible MOC Vehicle Model Car DIY Toy Gifts,3164,8167,61,10,,5090,1188,com,https://www.aliexpress.us/item/3256812465458840.html,com: lego f1
Конструктор,,,MOC-227958 New APX GP F1 Racing Sports Car Building Block Model 320 PartsMOC Creative Boy Kids Birthday Building Blocks Toy Gift,2299,2873,20,10,,3690,856,com,https://www.aliexpress.us/item/3256809318456591.html,com: lego f1
Конструктор,,,540pcs MOC F1 Pit Lane And Garage City Champions Model Building Blocks Creative Gift DIY Display Decor Adult Premium Kids Desk,3190,4762,33,9,,5190,1247,com,https://www.aliexpress.us/item/3256811753528840.html,com: lego speed champions f1
Конструктор,,LEGO,"Wall‑Mount Display Frame Board Compatible with LEGO 42206 Red Bull RB20 F1 Building Blocks Race Car Model, Decor Display, Gift",4618,10899,57,6,,7390,1700,com,https://www.aliexpress.us/item/3256812944139997.html,com: lego technic f1 42207
Конструктор,,,2863pcs MOC McLarened F1 MP4 6 1 8 Scale Technical Model Building Blocks Christmas Gift Toy Assemble Craft Creative Education,14454,23266,37,5,,19590,2295,com,https://www.aliexpress.us/item/3256812719243909.html,com: f1 1:8 model
Конструктор,,,186pcs MOC F1 Ferari 641 F1-90 City Champions Model Building Blocks Toys Construction Christmas Gift Creative Display Collection,1586,2267,30,5,,2590,628,com,https://www.aliexpress.us/item/3256812720424817.html,com: lego speed champions f1
Конструктор,,,1774PCS MOC City Champions Super Car Racing 640 F1 89 Scale 1 8 Model Technology DIY Creative Assembly Bricks Display Gift Home,9774,13963,30,4,,13190,1503,com,https://www.aliexpress.us/item/3256812175231585.html,com: f1 1:8 model
Конструктор,,,"The 2026 new MOC technology SF-25 red/white racing car assembly figurines, totaling 1915 pieces, make suitable holiday gifts.",3962,9503,58,4,,6390,1501,com,https://www.aliexpress.us/item/3256812784847701.html,com: lego technic f1 42207
Конструктор,,,"31.5“ Metal Display wall mount for 42207 Model, Wall Display mount for Ferrari SF-24 F1 Car Building Blocks",7741,,,4,,10490,1228,com,https://www.aliexpress.us/item/3256809209377025.html,com: lego technic f1 42207
Конструктор,,,2800PCS Formula Racing Car Building Blocks V12 Engine Model Bricks Desktop Ornament Collection Adult Puzzle Toy Holiday Gift,6061,15189,60,3,,9690,2224,com,https://www.aliexpress.us/item/3256811562634840.html,com: f1 1:12 model
Конструктор,,,171pcs MOC City Champions F Errari F300 - F1 Season Model Building Blocks Toy Christmas Gift Construction 3D Birthday Creative,1431,2134,33,3,,2890,1040,com,https://www.aliexpress.us/item/3256812728391921.html,com: lego speed champions f1
Конструктор,,,McLaren F1 MCL39 - Premium High-Difficulty Building Blocks Model | Perfect Birthday Gift for Adult Car Enthusiasts,6693,14874,55,3,,10790,2532,com,https://www.aliexpress.us/item/3256811968159898.html,com: lego speed champions f1
Конструктор,,,977pcs MOC City Champions F1 Scuderia Ferrrari Formula One Pit Garage 2025v2 Model Building Blocks Architecture Idea Creative 3D,5476,8172,33,3,,8790,2039,com,https://www.aliexpress.us/item/3256812771456421.html,com: lego speed champions f1
Конструктор,,,MOC Technology Racing Model Building Block Assembly City Formula Sports Car Boy Collection Toys DIY Gifts,8564,23146,63,3,,11590,1345,com,https://www.aliexpress.us/item/3256804726129419.html,com: lego speed champions f1
Конструктор,,,Hot MOC Sale GT2 RS Bricks Speed City Supercar Vehicle Technique F1 Auto Toys Children's Birthday Gifts Creative Garage,2045,,,2,,3290,768,com,https://www.aliexpress.us/item/3256806827257820.html,com: lego f1
Конструктор,,LEGO,"Wall‑Mounted Display Frame Compatible with LEGO 42207 SF‑24, 42206, 42171, 42228 F1 Race Car Models, Adult Collectible Accessory",5019,11754,57,2,,8090,1898,com,https://www.aliexpress.us/item/3256812737810407.html,com: lego technic f1 42207
Конструктор,,LEGO,HPROSPER LED Light (No Model) For LEGO 42207 Technic Ferrari SF-24 F1 Rennauto Bausteine Light Up your Building Blocks,1937,2442,20,2,,3090,705,com,https://www.aliexpress.us/item/3256808706459154.html,com: lego technic f1 42207
Конструктор,,CaDA,Cada Technical Racing MOC F1 Champions Team C42 2022 Racing Car Building Blocks Sports Car Brick Puzzle Toys Kids Gifts,10167,23389,56,2,,13790,1623,com,https://www.aliexpress.us/item/3256812987735196.html,com: lego speed champions f1
Конструктор,,,219pcs MOC City Champions F1 SF16-H Model Building Blocks Christmas Gift Construction Creative Art Education Birthday Assemble,1696,2531,33,2,,2790,689,com,https://www.aliexpress.us/item/3256812720456412.html,com: lego speed champions f1
Конструктор,,,The popular racing series RB21 White Racing Car – 1900 pieces – large assembly figurine – perfect for holiday gifts.,3760,8887,57,2,,6090,1447,com,https://www.aliexpress.us/item/3256812775782750.html,com: lego speed champions f1
Конструктор,,,206pcs MOC City Champions Tiny Mercedesees W12 F1 & AMG ONE Stickerless Model Building Blocks Christmas Gifts Architecture Toys,1705,2436,30,1,,2790,680,com,https://www.aliexpress.us/item/3256812709066063.html,com: f1 1:12 model
Конструктор,,,3180pcs MOC Technical Audied F1 Team Concept 1 8 Scale Model Building Blocks Christmas Gift Art Brick 3D Idea Craft Assemble,17242,25733,33,1,,23290,2671,com,https://www.aliexpress.us/item/3256812718869458.html,com: f1 1:8 model
Конструктор,,,3418pcs MOC Technical Racing F1 RB21 1 8 Scale Model Building Blocks Architecture Art DIY Birthday Brick Education Assemble 3D,18377,27428,33,1,,24890,2904,com,https://www.aliexpress.us/item/3256812766860156.html,com: f1 1:8 model
Конструктор,,,3418pcs MOC Racing F1 RB21 Japanese GP Livery 1 8 Scale Technical Model Building Blocks Christmas Gift Craft Education Idea,18420,27491,33,1,,24890,2861,com,https://www.aliexpress.us/item/3256812770800332.html,com: f1 1:8 model
Конструктор,,Spark,"BRIXSPARK LED Light Kit for Lego 42171,DIY Light Set For AMG F1 W14 E Performance Car MOC Building Blocks, Bricks Not Included",2273,,,1,,3690,882,com,https://www.aliexpress.us/item/3256812401840295.html,com: lego f1
Конструктор,,,MOC F1 Style Formula Racing Car 333PCS 8 Stud Wide Small Bricks Building Blocks Model Assembly Toy Gift,92,1627,94,1,,190,70,com,https://www.aliexpress.us/item/3256812867091876.html,com: lego f1
Конструктор,,,2026 High Sales Helmet Series Building Blocks Editions F1 884 Pcs Bricks Suitable for Birthday Gifts and Decorative Ornaments,1967,6602,70,1,,3190,760,com,https://www.aliexpress.us/item/3256812853185486.html,com: lego f1
Конструктор,,,MOC Technical Car Speed Vehicles F1 Racing Classic Formula 1 Sports Car Sets MCL38 W15 SF24 RB20 Building Blocks Kid Toys Gift,1747,2496,30,1,,2790,638,com,https://www.aliexpress.us/item/3256809716413848.html,com: lego f1
Конструктор,,LEGO,LED Light Set for LEGO Technic SF-24 F1 Car 42207 Building Blocks Bricks,2018,,,1,,3290,795,com,https://www.aliexpress.us/item/3256811961466728.html,com: lego technic f1 42207
Конструктор,,,1480PCS MouldKing 13208 Technische MCL Racing Car Building Blocks Formula Sports Car Model Assemble Toys for Adult Gift,5465,12014,54,1,,8790,2050,com,https://www.aliexpress.us/item/3256812484132245.html,com: lego speed champions f1
Конструктор,,,290pcs MOC F1 Hotrod Mercedes City Champions Car Model Building Blocks Room Decor Home Decor Display Collector Gift For Adults,2181,3115,30,1,,3490,803,com,https://www.aliexpress.us/item/3256812474226495.html,com: lego speed champions f1
Конструктор,,,609pcs MOC F1 British Sports Car Japanese Auto MP4 4 Set10330 Model Building Blocks Construction Toy Christmas Gift Brick Craft,3715,5307,30,1,,5990,1406,com,https://www.aliexpress.us/item/3256812619996485.html,com: lego speed champions f1
Конструктор,,,171pcs MOC City Champions F Errari F300 - F1 Season Model Building Blocks Architecture Christmas Gift Toy Birthday DIY Education,1494,2134,30,1,,2990,1062,com,https://www.aliexpress.us/item/3256812710636934.html,com: lego speed champions f1
Конструктор,,,2302pcs MOC Mercedesees F1 W11 1 8 Scale Cars Model Building Blocks Christmas Gifts Construction Toys Education Art 3D Idea,12795,18278,30,0,,17290,1988,com,https://www.aliexpress.us/item/3256812781845972.html,com: f1 1:8 model
Конструктор,,,3273pcs MOC Racing F1 RB20 1 8 Scale Technical Model Toy Building Blocks Construction Christmas Gift Idea Collection DIY Craft,17978,25684,30,0,,24290,2790,com,https://www.aliexpress.us/item/3256812728260012.html,com: f1 1:8 model
Конструктор,,,3449pcs MOC APX GP F1 Team 1 8 Scale F1 The Movie Technical Model Building Blocks Christmas Gifts Toys Collection Brick DIY,18906,27009,30,0,,25590,2973,com,https://www.aliexpress.us/item/3256812719131827.html,com: f1 1:8 model
Конструктор,,,2517pcs MOC Technical Alpine F1 A522 1 8 Scale Model Building Blocks Architecture Toy Christmas Gifts Birthday Assemble DIY,14133,21744,35,0,,19090,2189,com,https://www.aliexpress.us/item/3256812652715954.html,com: f1 1:8 model
Конструктор,,,3419pcs MOC Technical Alpine F1 A525 1 8 Scale Model Building Blocks Toy Idea Creative Craft Education Birthday Art 3D Brick,18752,26788,30,0,,25390,2956,com,https://www.aliexpress.us/item/3256812716729509.html,com: f1 1:8 model
Конструктор,,,3273pcs MOC Racing F1 RB20 1 8 Scale Technical Model Building Blocks Construction Toys Christmas Gift Education Craft Brick,17790,25414,30,0,,24090,2807,com,https://www.aliexpress.us/item/3256813019425539.html,com: f1 1:8 model
Конструктор,,,3178pcs MOC McLarened F1 MCL60 1 8 Scale Technical Model Building Blocks Christmas Gift Birthday Education Collection Craft,17477,24966,30,0,,23590,2692,com,https://www.aliexpress.us/item/3256812717311058.html,com: f1 1:8 model
Конструктор,,,3152pcs MOC Technical Ferraried F1 SF-23 Italian GP Livery 1 8 Scale Model Building Blocks Christmas Gift Idea Collection DIY 3D,17339,24770,30,0,,23490,2745,com,https://www.aliexpress.us/item/3256812725069946.html,com: f1 1:8 model
Конструктор,,,3103pcs MOC AlphaTauri F1 AT04 1 8 Scale Technical Model Building Blocks Construction Toys Christmas Gifts Education Idea Brick,17529,26558,34,0,,23690,2726,com,https://www.aliexpress.us/item/3256812649494947.html,com: f1 1:8 model
Конструктор,,,2477pcs MOC Mercedes F1 W13 1 8 Scale Model Building Blocks Architecture Education Assemble Brick Kids Idea Christmas Gift Toy,13628,19469,30,0,,18390,2095,com,https://www.aliexpress.us/item/3256812628465804.html,com: f1 1:8 model
Конструктор,,,New blue F1 Formula One racing building blocks technical mechanical racing model bricks adult collectible toys,1585,4529,65,0,,2590,629,com,https://www.aliexpress.us/item/3256812979916558.html,com: lego f1
Конструктор,,,248pcs MOC SF-26 F1 Car City Champions Model Building Blocks Toy Birthday Craft Brick Display Education Assemble DIY Art 3D,1882,2688,30,0,,3090,760,com,https://www.aliexpress.us/item/3256813036813834.html,com: lego f1
Конструктор,,,2912pcs MOC Lando Norris F1 Truck City Champions Model Building Blocks Christmas Gift Toy Education Craft 3D Brick Assemble,13404,22718,41,0,,18090,2063,com,https://www.aliexpress.us/item/3256813026312426.html,com: lego f1
Конструктор,,,2521pcs MOC City Champions Speed F1 Pit Display Model Toy Building Blocks Construction Christmas Gift Birthday Assemble Idea,11680,19797,41,0,,15790,1820,com,https://www.aliexpress.us/item/3256813035845297.html,com: lego f1
Конструктор,,,3106pcs MOC Audied F1 Team R26 1 8 Scale Model Building Blocks Architecture Creative DIY Assemble 3D Craft Birthday Education,16917,24166,30,0,,22890,2654,com,https://www.aliexpress.us/item/3256813028816871.html,com: lego f1
Конструктор,,,166pcs MOC Michael Schumacher F1 BrickHeadz Model Building Blocks Education Brick Birthday Creative Assemble 3D Art Collection,818,2337,65,0,,1690,627,com,https://www.aliexpress.us/item/3256813029576119.html,com: lego f1
Конструктор,,,Exquisite new product MOC building block racing model F1 transport vehicle H-S technology modular toy DIY assembly set,24877,43643,43,0,,33590,3842,com,https://www.aliexpress.us/item/3256812491939036.html,com: lego f1
Конструктор,,,317pcs MOC F1 Haas VF-26 City Champions Model Building Blocks Architecture Toy Christmas Gift Assemble Creative Idea Collection,2269,3242,30,0,,3690,886,com,https://www.aliexpress.us/item/3256813019430521.html,com: lego f1
Конструктор,,,250pcs MOC City Champions Scuderia Ferrarl SF-26 F1 Model Building Blocks Christmas Gift Toy Collection Craft Education Birthday,1738,2482,30,0,,2790,647,com,https://www.aliexpress.us/item/3256812775455486.html,com: lego f1
Конструктор,,,3127pcs MOC Technical Mercedesees F1 W14 1 8 Scale Model Building Blocks Construction Christmas Gift Toy Birthday Creative Art,17027,24324,30,0,,22990,2629,com,https://www.aliexpress.us/item/3256813029629932.html,com: lego f1
Конструктор,,,"Poladeer 335PCS F1 ""Old Smokey"" Champion Series Custom Assembled Building Blocks Educational Toy Model Ornaments Holiday Gift",2735,,,0,,4390,1018,com,https://www.aliexpress.us/item/3256812728207464.html,com: lego f1
Конструктор,,,258pcs MOC City Champions F1 AstonsMartins AMR26 Model Building Blocks Christmas Gifts Toy Collection Idea Creative Art Birthday,1935,2764,30,0,,3090,707,com,https://www.aliexpress.us/item/3256813019549351.html,com: lego f1
Конструктор,,,818pcs MOC Technical Ayrton Senna F1 McLarened Model Building Blocks Construction Collection Birthday Education Art 3D DIY Craft,4674,6677,30,0,,7490,1730,com,https://www.aliexpress.us/item/3256813003171201.html,com: lego f1
Конструктор,,,266pcs MOC City Champions F1 Alpine A526 Model Building Blocks Construction Idea Display Creative Art Collection Education Craft,674,1924,65,0,,1390,514,com,https://www.aliexpress.us/item/3256813036352221.html,com: lego f1
Конструктор,,,1367pcs MOC McLarened F1 - B Alternate Technical Model Building Blocks Toy Collection Education Brick Creative Assemble Craft,7530,10757,30,0,,10190,1182,com,https://www.aliexpress.us/item/3256813009279145.html,com: lego f1
Конструктор,,,2691pcs MOC City Champions F1 Bundle Model Building Blocks Christmas Gift Construction Education Brick 3D Display Collection,14900,21286,30,0,,20190,2362,com,https://www.aliexpress.us/item/3256812727826029.html,com: lego f1
Конструктор,,,659pcs MOC Williams F1 RC Conversion Icons Model Building Blocks Christmas Gift Architecture 3D Assemble Education Birthday DIY,4086,5838,30,0,,6590,1548,com,https://www.aliexpress.us/item/3256812720714489.html,com: lego f1
Конструктор,,,267pcs MOC F1 Williams FW48 City Champions Model Building Blocks Christmas Gift Art Birthday Brick Education Craft Assemble,1807,2582,30,0,,2890,664,com,https://www.aliexpress.us/item/3256812767071254.html,com: lego f1
Конструктор,,,290pcs MOC F1 Hotrod Mercedesees City Champions Model Toys Building Blocks Architecture Christmas Gifts Assemble Birthday Art,2111,3016,30,0,,3390,787,com,https://www.aliexpress.us/item/3256813039471777.html,com: lego f1
Конструктор,,,514pcs MOC Icons Lotus 99T F1 Car Model Building Blocks Toy Construction Christmas Gift Collection Creative Art Education 3D,3333,4762,30,0,,5390,1275,com,https://www.aliexpress.us/item/3256813028974695.html,com: lego f1
Конструктор,,,261pcs MOC City Champions F1 Mercedesees W13 Model Building Blocks Construction Christmas Gift Toy Craft Display Birthday 3D,1262,1804,30,0,,2590,952,com,https://www.aliexpress.us/item/3256813020121493.html,com: lego f1
Конструктор,,,415pcs MOC Technical Alt Build F1 Lotus 49 Model Building Blocks Christmas Gift Construction Toy Idea Brick Craft Collection,1956,3991,51,0,,3190,771,com,https://www.aliexpress.us/item/3256813019262282.html,com: lego f1
Конструктор,,,1542pcs MOC MOD F1 Truck City Champions Model Building Blocks Construction Toy Christmas Gifts DIY Creative Idea Education Brick,8614,12132,29,0,,11690,1381,com,https://www.aliexpress.us/item/3256812047550667.html,com: lego f1
Конструктор,,,QWERT Speed Racing Car Model MOC Building Bricks F1 FW14B Formula Racing Modular Technology Children Holiday Gifts Assemble Toys,2257,3961,43,0,,3690,898,com,https://www.aliexpress.us/item/3256810216719103.html,com: lego f1
Конструктор,,,1841pcs MOC Technical McLarened MCL39 F1 Car RC MOD Power Function Motors Model Building Blocks Christmas Gift Collection Idea,10086,14409,30,0,,13690,1619,com,https://www.aliexpress.us/item/3256812775473673.html,com: lego f1
Конструктор,,,244pcs MOC City Champions Audi R26 F1 Model Building blocks Construction toy Christmas gift Kids Assemble Birthday DIY creative,1845,2635,30,0,,2990,711,com,https://www.aliexpress.us/item/3256812647684909.html,com: lego f1
Конструктор,,,NEW 630PCS Mini F1 2026 Grid Racing Car Collection Model MOC Building Blocks DIY Creative Assembly Educational Toy Popular Gift,4407,8994,51,0,,7090,1655,com,https://www.aliexpress.us/item/3256812630836407.html,com: lego f1
Конструктор,,,2255pcs MOC Technical Alpine F1 A521 Detailed Edition 1 Model Building Blocks Construction Kids Idea DIY Christmas Gift Toys,12931,19592,34,0,,17490,2023,com,https://www.aliexpress.us/item/3256812645644969.html,com: lego f1
Конструктор,,,243pcs MOC City Champions SF-25 F1 Race Car Model Building Blocks Christmas Gifts Display Birthday Brick DIY Collection Creative,1860,2657,30,0,,2990,696,com,https://www.aliexpress.us/item/3256812708580595.html,com: lego f1
Конструктор,,,11643pcs MOC F1 Ultimate Collection Pack Creator Model Building Blocks Toys Education Display Assemble Craft Brick Creative,62448,89211,30,0,,84390,9705,com,https://www.aliexpress.us/item/3256812781710012.html,com: lego f1
Конструктор,,,290pcs MOC City Champions F1 Reg Noses Model Building Blocks Toy DIY Idea Brick Creative Art Education Birthday Display Assemble,1937,2768,30,0,,3090,705,com,https://www.aliexpress.us/item/3256812779499493.html,com: lego f1
Конструктор,,,214pcs MOC City Champions MOC AUDI R26 F1 Race Car Model Building Blocks Architecture Toy Christmas Gift Brick DIY Creative,1678,2397,30,0,,2690,622,com,https://www.aliexpress.us/item/3256812606894908.html,com: lego f1
Конструктор,,,3053pcs MOC Technical Ferrar* SF-26 1 8 Scale Model Building Blocks Architecture Toy Christmas Gift Collection Craft Art Display,16773,23961,30,0,,22690,2627,com,https://www.aliexpress.us/item/3256812775467297.html,com: f1 building blocks 1:8
Конструктор,1:10,,1:10 Scale Black Gold F1 Formula 1 Racing Car Building Blocks Technical Mechanical Race Car Model Bricks Toys For Adult Collecti,1740,4778,63,7,,2790,645,com,https://www.aliexpress.us/item/3256812627127752.html,com: lego speed champions f1
Конструктор,1:10,,1:10 Scale Green Aston Martin F1 Formula 1 Racing Car Building Blocks Technical Mechanical Race Car Model Bricks Toys For Adults,2352,5003,53,5,,3790,888,com,https://www.aliexpress.us/item/3256812620236902.html,com: lego speed champions f1
Конструктор,1:12,Tamiya,Tamiya 12046 static assembled model 1/12 scale For F1 TEAM LOTUS TYPE 72D 1972 With Etched car model kit,13421,14588,8,1,,18190,2131,com,https://www.aliexpress.us/item/3256807806065997.html,com: f1 1:12 model
Конструктор,1:12,MENG,MENG R- 004 1/12 Assembled Car 1988 McLaren MP4/4 Legend F1 Race Car Static Model for Hobby Collection Desktop Decoration Gift,20824,29750,30,0,,28190,3278,com,https://www.aliexpress.us/item/3256812054579069.html,com: f1 1:12 model
Конструктор,1:24,,1:24 Scale Vehicle Model Set/Sports Car Building Blocks/Maserati/Citroën C4/Mazda/Sauber F1 Team/ Educational Toy for Kids,1144,3510,67,111,4.8,2290,814,com,https://www.aliexpress.us/item/3256809810599127.html,com: lego speed champions f1
Конструктор,1:24,,1:24 Scale Vehicle Building Block Alfa C43 ORLEN F1 Racing Car Formula 1 Champion Model Racer Figures Bricks Toy For Gifts,2214,3955,44,23,4.3,3590,855,com,https://www.aliexpress.us/item/3256807630387653.html,com: lego speed champions f1
Конструктор,1:64,Minichamps,Minichamps 1:64 F1 W17 2026 Chinese Grand Prix Model Kit Car Set Automobile Model Static Decoration Item Holiday Gift Collection,4902,5387,9,9,,7890,1844,com,https://www.aliexpress.us/item/3256812345077952.html,com: minichamps f1
Конструктор,1:8,,Technical 1361/1639PCS RB20 SF-24 1:8 Scale Racing Car Mechanical Group Kit MOC Collectible Assembly Car Model Birthday Gift Toy,1636,4866,66,1000,4.7,2690,664,com,https://www.aliexpress.us/item/3256812748054401.html,com: f1 1:8 model
Конструктор,1:8,,"New 1361/1639/1675 pieces of RB20 SF24 MCL39 racing kits, 1:8 scale, DIY, collectible, assembly, home decor, gift items.",3563,7424,52,600,4.9,5790,1387,com,https://www.aliexpress.us/item/3256811400880844.html,com: lego technic f1 42207
Конструктор,1:8,,NEW Electroplated SF25 Car Blocks Upgrade SF24 42207 Technic Compatible 1915Pcs 1:8 Supercar Adult Collectible Racing Brick Toys,2180,5967,63,446,4.6,3490,804,com,https://www.aliexpress.us/item/3256812682211506.html,com: lego technic f1 42207
Конструктор,1:8,,NEW Electroplated SF25 Car Blocks Upgrade SF24 42207 Technic Compatible 1915Pcs 1:8 Supercar Adult Collectible Racing Brick Toys,2252,6126,63,442,4.2,3690,903,com,https://www.aliexpress.us/item/3256812735011926.html,com: lego technic f1 42207
Конструктор,1:8,Rastar,RASTAR 2509PCS 1:8 Technik F1 Redbull RB19 1. Max. Verstappen 11 Perez Racing Formula Bausteine Modell MOC Auto Ziegel Spielzeug,13678,30177,54,408,4.6,18490,2131,com,https://www.aliexpress.us/item/3256808411445969.html,com: f1 1:8 model
Конструктор,1:8,,1361PCS Technical 1:8 Scale SF-24 Red Racing Car Building Blocks Set - MOC Supercar Model Assembly Toy Birthday Gifts,2657,6326,57,164,4.9,4290,1011,com,https://www.aliexpress.us/item/3256812402668329.html,com: f1 1:8 model
Конструктор,1:8,,MOC Technical JKC7205 Racing 1:8 Racing Driver 27 Building Block Remote Control Lighting Racing Renault F1 Toy Kids Gift,2908,7112,59,136,3.9,4690,1102,com,https://www.aliexpress.us/item/3256808211053970.html,com: f1 1:8 model
Конструктор,1:8,,MK6022 1912PCS 1:8 New Technic Martin Aramco AMR25 Building Blocks MOC F1 Car DIY Assembly Model Set Toys Gifts for Boys Kids,1904,5474,65,116,,3090,738,com,https://www.aliexpress.us/item/3256812956829803.html,com: f1 1:8 model
Конструктор,1:8,,NEW 1:8 Scale MOC Technical SF-25 Racing Car 42206 42207 Mechanical Group 1915PCS Construction Brick Model Kit Children Toy Gift,4274,9558,55,100,,6890,1617,com,https://www.aliexpress.us/item/3256812740602916.html,com: lego technic f1 42207
Конструктор,1:8,,1:8 Scale New 1432/1915PCS Technical Performance SF-25 RB20 Building Blocks Car Assembly Race Car MOC Bricks Supercar Model Toys,3044,6089,50,75,,4890,1137,com,https://www.aliexpress.us/item/3256812722545307.html,com: f1 1:12 model
Конструктор,1:8,,"2000pcs Formula Racing Car Building Blocks, 1:8 Super Speed Car Model Kit,STEM Toys for Adults Teens,Vehicle Bricks Set for Boys",4461,10796,58,59,4.9,7190,1686,com,https://www.aliexpress.us/item/3256811519209516.html,com: f1 1:8 model
Конструктор,1:8,,1:8 Technical JKC7205 Racing Driver 27 Building Block Supercar Remote Control Lighting Racing Renault F1 Toy Kids Gift,2452,6511,62,42,4.8,3990,959,com,https://www.aliexpress.us/item/3256812040914509.html,com: lego f1
Конструктор,1:8,,KEJI MOC-70614 John Player Special F1 Racing Sports Car Formula 1 1:8 Model Building Blocks Bricks Kit Adult Toys Christmas Gift,8602,12289,30,34,4.4,11690,1393,com,https://www.aliexpress.us/item/3256802177601002.html,com: f1 1:8 model
Конструктор,1:8,,KAVOWORLD 1:8 Scale Formula Style Racing Car Building Blocks Set Steerable DIY Technical Bricks Toy for Children Birthday Gifts,2513,7563,66,32,,4090,984,com,https://www.aliexpress.us/item/3256812686751741.html,com: f1 1:8 model
Конструктор,1:8,,1361PCS Technical 1:8 Red SF-24 Racing Car Building Blocks Set MOC Formula Race Car Model Assembly Toy Birthday Gift for Boys,3610,8757,58,31,,5790,1340,com,https://www.aliexpress.us/item/3256812507082264.html,com: f1 1:8 model
Конструктор,1:8,,Technical Formula Racing Car Building Block 1:8 Scale Model Sets Alpines A525 Vehicle Construction Brick Toy Collection For Gift,3023,6300,52,30,,4890,1158,com,https://www.aliexpress.us/item/3256811835679150.html,com: f1 1:8 model
Конструктор,1:8,,Technical 1639PCS RB20 SF-24 1:8 Scale Racing Car Kits MOC Collectible Assembly Building Blocks Car Model Christmas Gift Toy,3950,9281,57,28,4.8,6390,1513,com,https://www.aliexpress.us/item/3256812646473747.html,com: f1 1:8 model
Конструктор,1:8,,"2000pcs Formula Racing Car Building Blocks Set Toy, 1:8 Scale High Precision Model Kit for Kids Adults Teens, Gift for Boys Girl",3105,8023,61,19,4.8,4990,1161,com,https://www.aliexpress.us/item/3256809618931243.html,com: f1 1:8 model
Конструктор,1:8,,3 Types 1:8 Technical APXGP AMR25 W15 Super Formula Car Building Blocks Racing Construction Bricks Toy Boy Kid Gift,2734,6611,58,12,,4390,1019,com,https://www.aliexpress.us/item/3256811375687997.html,com: f1 1:8 model
Конструктор,1:8,,New Technology Products: 1361/1639/1675 PCS RB20 SF24 Racing Car Assembly Home Decoration Figurines in 1:8 Scale Birthday Gifts,3719,7747,52,12,,5990,1402,com,https://www.aliexpress.us/item/3256812775718702.html,com: lego technic f1 42207
Конструктор,1:8,,High-quality MOC 202525 High-Tech Speed Sprots Vechiel 42172 F1 GTR 1:8 Model Building Blocks DIY Puzzle Toys Brithday Gifts Boy,12723,25966,51,11,,17190,1974,com,https://www.aliexpress.us/item/3256809852432078.html,com: f1 1:8 model
Конструктор,1:8,,1361 PCS 1:8 Scale Red Formula Racing Car Technical Mechanical Model DIY Assembly Building Blocks Toy Collectible Gift,3611,8577,57,11,,5790,1339,com,https://www.aliexpress.us/item/3256812758645779.html,com: f1 1:8 model
Конструктор,1:8,,MOC-180921 Formula F1 MP4/6 1:8 Building Block Model 2863 PartsMOC Creative Boy Kids Birthday Building Blocks Toy Gift,12290,15362,20,10,3.5,16590,1894,com,https://www.aliexpress.us/item/3256808620611200.html,com: f1 1:8 model
Конструктор,1:8,,1639PCS Technical 1:8 RB20 Performance Racing Car Building Blocks MOC Formula Race Car Model Assembly Toy Birthday Gift for Boys,3679,8902,58,7,,5890,1357,com,https://www.aliexpress.us/item/3256812624000963.html,com: f1 building blocks 1:8
Конструктор,1:8,,Moc Technical 1:8 Historical Formula 1 Racing Models Building Blocks DIY Creative Educational Toys Ornaments Boy Gifts,8687,12410,30,7,,11790,1393,com,https://www.aliexpress.us/item/3256812265248168.html,com: f1 building blocks 1:8
Конструктор,1:8,,KAVOWORLD 1:8 Pink-blue Formula Racing Car Building Block Kit 1768pcs Technical Mechanical Racing Bricks Set DIY Construction Vehicle Toy with Steerab,3249,8939,63,7,,5190,1188,com,https://www.aliexpress.us/item/3256812546243333.html,com: f1 building blocks 1:8
Конструктор,1:8,,1547PCS 1:8 MOC Formula‑Style Racing Car Technical Building Blocks Adult DIY Assembly Model For Birthday Gifts Home Desktop,4231,9898,57,4,,6790,1574,com,https://www.aliexpress.us/item/3256812899351859.html,com: f1 1:8 model
Конструктор,1:8,,"KAVOWORLD Formula Red And White Super Sports Car Building Blocks Vehicle Model Kit, 1:8 Scale 1768pcs Race Car with Simulation Tires Open Tail, Collec",3362,13449,75,4,,5390,1246,com,https://www.aliexpress.us/item/3256812552200079.html,com: f1 1:8 model
Конструктор,1:8,,Technical 1642PCS 1:8 Scale W14 Racing Car Performance Speed Champions Detailed Building Blocks Car MOC Model Vehicles Toy Gifts,3309,8115,59,4,,5290,1214,com,https://www.aliexpress.us/item/3256812799384249.html,com: f1 1:8 model
Конструктор,1:8,,Technic 1:8 MCL39 McLaren F1 2025 Formula 1 Race Car Building Blocks Set 2055PCS,4618,20400,77,4,,7390,1700,com,https://www.aliexpress.us/item/3256812564748213.html,com: lego f1
Конструктор,1:8,,Technical 1361/1639PCS RB20 SF-24 1:8 Scale Racing Car Kits MOC Collectible Assembly Building Blocks Car Model Birthday Gift Toy,4442,9065,51,4,,7190,1705,com,https://www.aliexpress.us/item/3256812914944759.html,com: lego technic f1 42207
Конструктор,1:8,,Technical New 1361/1639PCS RB20 SF24 Racing Car Kits 1:8 Scale DIY Collectible Assembly Building Blocks Car Model Birthday Gifts,2913,6837,57,4,,4690,1097,com,https://www.aliexpress.us/item/3256812507230695.html,com: f1 building blocks 1:8
Конструктор,1:8,,Desk Decor Eikee Y18013 Technical 1:8 Sports Speed Vehicle F1 W16 Metallic Building Blocks Model Puzzle DIY Toys Christmas Gifts,12260,25018,51,2,,16590,1924,com,https://www.aliexpress.us/item/3256812511390807.html,com: f1 1:8 model
Конструктор,1:8,,3828pcs GULY 10662 Creative 1: 8 Remote Control Sports Car Building Blocks Set City F1 Race Car Model Brick Boy Toy for Boy Gift,16464,,,2,,22290,2594,com,https://www.aliexpress.us/item/3256812390562178.html,com: f1 1:8 model
Конструктор,1:8,CaDA,Double Eagle Cada1: 8 Moc Sauber F1 Team C44 Formula Racing Car Building Block Model Gift,11859,24560,51,2,,16090,1898,com,https://www.aliexpress.us/item/3256810076621534.html,com: f1 1:8 model
Конструктор,1:8,,2026 New Technology 1:8 SF24 RB20 Sports Car Building Blocks DIY Classic Assembly Racing MOC Brick Model Set Toy,3753,8871,57,2,,6090,1454,com,https://www.aliexpress.us/item/3256812803038262.html,com: f1 1:8 model
Конструктор,1:8,,2026 New Technology 1361/1639 PCS RB20 SF24 Racing Car Kit 1:8 Scale DIY Collectible Assembly Module Car Model Birthday Gift,3080,7470,58,2,,4990,1186,com,https://www.aliexpress.us/item/3256812794649084.html,com: f1 1:8 model
Конструктор,1:8,,New Technology Products: 1361/1639/1675 PCS RB20 SF24 Racing Car Assembly Home Decoration Figurines in 1:8 Scale Birthday Gifts,3761,7836,52,2,,6090,1446,com,https://www.aliexpress.us/item/3256812851714475.html,com: lego speed champions f1
Конструктор,1:8,,3 Types 1:8 Technical APXGP AMR25 W15 Super Formula Car Building Blocks Racing Construction Bricks Toy Boy Kid Gift,4218,8788,52,2,,6790,1587,com,https://www.aliexpress.us/item/3256812851898915.html,com: f1 building blocks 1:8
Конструктор,1:8,,1912 PCS AMR 25 F1 Racing Car Building Set 1:8 Scale Collectible Race Car Model Kit for Adults Room Decor Birthdays Gift for Men,2193,8439,74,1,,3590,876,com,https://www.aliexpress.us/item/3256812819184357.html,com: f1 1:8 model
Конструктор,1:8,,1:8 Technical Formula Race Car Building Blocks Kit Assembly Racing Bricks Model STEM Toy for Teens Adult Hobby Collection Gift,4509,10901,58,1,,7290,1724,com,https://www.aliexpress.us/item/3256812789153946.html,com: f1 1:8 model
Конструктор,1:8,,Technic 1:8 Pearl Paint F1 RaceCar Building Blocks Set MOC Collectible Boys Gift,3344,18011,81,1,,5390,1264,com,https://www.aliexpress.us/item/3256813027960085.html,com: lego technic f1 42207
Конструктор,1:8,,Spot Technical DIY 1547pcs 1:8 Martin Amr25 Building Blocks Moc Sports Car Assembly Set Toy Christmas Gifts For Adults,4122,9255,55,1,,6590,1512,com,https://www.aliexpress.us/item/3256812829844745.html,com: f1 building blocks 1:8
Конструктор,1:8,,2863PCS 1:8 Scale McLen F1 MP4/6 classic racing supercar model DIY creative ideas technology Toy assembly puzzle birthday gift,11393,27127,58,0,,15390,1765,com,https://www.aliexpress.us/item/3256812557730981.html,com: f1 1:8 model
Конструктор,1:8,,IN STOCK Formula Sport Car F1 Concept 1:8 Technology 1650pcs Creative Compatible With MOC Building Blocks Bricks Toys,10467,12314,15,0,,14190,1665,com,https://www.aliexpress.us/item/3256809993894405.html,com: f1 1:8 model
Конструктор,1:8,,F1 racing car 1:8 assembled sports car model ornament,119691,,,0,,161590,18468,com,https://www.aliexpress.us/item/3256812241947307.html,com: f1 1:8 model
Конструктор,1:8,,New Technology Products: 1361/1639/1675 PCS RB20 SF24 Racing Car Assembly Home Decoration Figurines in 1:8 Scale Birthday Gifts,3854,8028,52,0,,6190,1438,com,https://www.aliexpress.us/item/3256812578611282.html,com: f1 1:8 model
Конструктор,1:8,,3473pcs Formula Racing Car Building Blocks 1:8 Technical Supercar Speed Sport Car Vehicle Model Bricks Toys for Adults Gifts,12025,18499,35,0,,16290,1903,com,https://www.aliexpress.us/item/3256811907387830.html,com: f1 1:8 model
Конструктор,1:8,,Technic 1:8 ARM25 McLaren F1 2025 Formula 1 Race Car Building Blocks Set 1960 PCS,4499,18745,76,0,,7190,1648,com,https://www.aliexpress.us/item/3256812558106523.html,com: lego technic f1 42207
Конструктор,1:8,,MOC-74989 New Classic F2004 1:8 Formula Racing Car Building Block Model 1769 Parts MOC Creative Boys Children Birthday Toy Gift,10468,13085,20,0,,14190,1664,com,https://www.aliexpress.us/item/3256812351332140.html,com: f1 building blocks 1:8
Р/у,1:10,Maisto,New In Stock Maisto 1:10 Las Vegas Rb19 Monza Ferrari Sf23 F1 Rtr Rc Car Alloy Miniature Model Mclaren Mcl38 Rc Car Toy Kid Gift,19455,,,13,4.8,26290,3023,com,https://www.aliexpress.us/item/3256809840109855.html,com: rastar rb19 1:8
Р/у,1:10,,Surpass Hobby Rocket 540 V3 2-Pole Dual Sensor Port Brushless Motor For Modified Competition 1/10 1/12 F1 RC Drift Car,6094,7170,15,4,,9790,2276,com,https://www.aliexpress.us/item/3256809888117406.html,com: rastar f1 1:12 rc
Р/у,1:64,,F1 Formula Racing Car 1:64 RC Car mini 2.4G APP Control Alloy Remote Control Car with Light Toys for Children's Christmas Gifts,533,2919,81,1000,4.7,1090,399,com,https://www.aliexpress.us/item/3256809698380566.html,com: f1 1:12 model
Р/у,1:64,,2.4G RC Car 1/64 Mini Alloy Formula Racing Car Remote Control Car Vehicle Toy Lights Radio Controlled Drift Cars Toys Boys Gifts,1098,3539,68,43,4.6,2190,774,com,https://www.aliexpress.us/item/3256810554706096.html,com: rastar f1 1:12 rc
