lot_id,раздел,вариант,машина,пилот_номер,год,масштаб,цена_руб,с_коробкой,рейтинг,заказов,заметки
1005010208916818,Модели 1:43,1-VER-Japan,Red Bull RB21,Verstappen #1,2025,1:43,789,не указано,4.9,1947,ливрея ГП Японии
1005010208916818,Модели 1:43,22-TSU-Japan,Red Bull RB21,Tsunoda #22,2025,1:43,789,не указано,4.9,1947,ливрея ГП Японии
1005010208916818,Модели 1:43,22-TSU-Bahrain,Red Bull RB21,Tsunoda #22,2025,1:43,789,не указано,4.9,1947,ливрея ГП Бахрейна
1005010208916818,Модели 1:43,16-LEC,Ferrari SF-25,Leclerc #16,2025,1:43,789,не указано,4.9,1947,
1005010208916818,Модели 1:43,81-PIA-Australia,McLaren MCL39,Piastri #81,2025,1:43,789,не указано,4.9,1947,ливрея ГП Австралии
1005010208916818,Модели 1:43,63-RUS-Australia,Mercedes W16,Russell #63,2025,1:43,789,не указано,4.9,1947,ливрея ГП Австралии
1005010208916818,Модели 1:43,16-LEC-Miami,Ferrari SF-25,Leclerc #16,2025,1:43,789,не указано,4.9,1947,ливрея ГП Майами
1005010208916818,Модели 1:43,44-HAM-Miami,Ferrari SF-25,Hamilton #44,2025,1:43,789,не указано,4.9,1947,ливрея ГП Майами
1005010208916818,Модели 1:43,4-NOR-Britain,McLaren MCL39,Norris #4,2025,1:43,789,не указано,4.9,1947,ливрея ГП Великобритании
1005010208916818,Модели 1:43,81-PIA-Britain,McLaren MCL39,Piastri #81,2025,1:43,789,не указано,4.9,1947,ливрея ГП Великобритании
1005010208916818,Модели 1:43,63-RUS-Britain,Mercedes W16,Russell #63,2025,1:43,789,не указано,4.9,1947,ливрея ГП Великобритании
1005010208755468,Модели 1:43,2025 SF25-16,Ferrari SF-25,Leclerc #16,2025,1:43,879,не указано,4.9,791,
1005010208755468,Модели 1:43,2025 SF25-44,Ferrari SF-25,Hamilton #44,2025,1:43,879,не указано,4.9,791,
1005010208755468,Модели 1:43,2025 SF25-16 M,Ferrari SF-25,Leclerc #16,2025,1:43,879,не указано,4.9,791,ливрея ГП Майами
1005010208755468,Модели 1:43,2025 RB21-1JP,Red Bull RB21,Verstappen #1,2025,1:43,879,не указано,4.9,791,ливрея ГП Японии
1005010208755468,Модели 1:43,2025 RB21-22JP,Red Bull RB21,Tsunoda #22,2025,1:43,879,не указано,4.9,791,ливрея ГП Японии
1005010208755468,Модели 1:43,2025 RB21-1BHR,Red Bull RB21,Verstappen #1,2025,1:43,879,не указано,4.9,791,ливрея ГП Бахрейна
1005010208755468,Модели 1:43,2025 RB21-22BHR,Red Bull RB21,Tsunoda #22,2025,1:43,879,не указано,4.9,791,ливрея ГП Бахрейна
1005010208755468,Модели 1:43,2025 W16 E-12,Mercedes W16,Antonelli #12,2025,1:43,879,не указано,4.9,791,
1005010208755468,Модели 1:43,2025 W16 E-63,Mercedes W16,Russell #63,2025,1:43,879,не указано,4.9,791,
1005010208755468,Модели 1:43,2025 MCL39-4,McLaren MCL39,Norris #4,2025,1:43,879,не указано,4.9,791,
1005010208755468,Модели 1:43,2025 MCL39-81,McLaren MCL39,Piastri #81,2025,1:43,879,не указано,4.9,791,
1005010208755468,Модели 1:43,2025 AMR25-14,Aston Martin AMR25,Alonso #14,2025,1:43,879,не указано,4.9,791,
1005010208755468,Модели 1:43,2025 AMR25-18,Aston Martin AMR25,Stroll #18,2025,1:43,879,не указано,4.9,791,
1005010208755468,Модели 1:43,2025 A525-10MC,Alpine A525,Gasly #10,2025,1:43,879,не указано,4.9,791,ливрея ГП Монако
1005010208755468,Модели 1:43,2025 A525-43MC,Alpine A525,Colapinto #43,2025,1:43,879,не указано,4.9,791,ливрея ГП Монако
1005010208755468,Модели 1:43,2025 MCL39-4UK,McLaren MCL39,Norris #4,2025,1:43,879,не указано,4.9,791,ливрея ГП Великобритании
1005010208755468,Модели 1:43,2025 W16 E-12UK,Mercedes W16,Antonelli #12,2025,1:43,879,не указано,4.9,791,ливрея ГП Великобритании
1005010208755468,Модели 1:43,2025 W16 E-63UK,Mercedes W16,Russell #63,2025,1:43,879,не указано,4.9,791,ливрея ГП Великобритании
1005010208755468,Модели 1:43,2025 MCL39-81UK,McLaren MCL39,Piastri #81,2025,1:43,879,не указано,4.9,791,ливрея ГП Великобритании
1005013123378832,Модели 1:43 — новинки 2026,2026 SF26-16,Ferrari SF-26,Leclerc #16,2026,1:43,1489,не указано,нет оценок,45,
1005013123378832,Модели 1:43 — новинки 2026,2026 SF26-44,Ferrari SF-26,Hamilton #44,2026,1:43,1489,не указано,нет оценок,45,
1005013034982313,Модели 1:43 — новинки 2026,2026 W17-12,Mercedes W17,Antonelli #12,2026,1:43,1489,не указано,нет оценок,31,
1005013034982313,Модели 1:43 — новинки 2026,2026 W17-63,Mercedes W17,Russell #63,2026,1:43,1489,не указано,нет оценок,31,
1005009397158416,Модели 1:24,1-24 2023 RB19-1USA,Red Bull RB19,Verstappen #1,2023,1:24,2682,не указано,4.9,653,ливрея ГП США
1005009397158416,Модели 1:24,1-24 2024 RB20-1,Red Bull RB20,Verstappen #1,2024,1:24,2659,не указано,4.9,653,
1005009397158416,Модели 1:24,1-24 2024 RB20-11,Red Bull RB20,Perez #11,2024,1:24,2439,не указано,4.9,653,
1005009397158416,Модели 1:24,1-24 2024 W15-44,Mercedes W15,Hamilton #44,2024,1:24,2649,не указано,4.9,653,
1005009397158416,Модели 1:24,1-24 2024 SF24-161,Ferrari SF-24,Leclerc #16,2024,1:24,2679,не указано,4.9,653,"вариант 161 — вероятно спец-ливрея Леклера, уточнить по фото"
1005009397158416,Модели 1:24,1-24 2025 AMR25-18,Aston Martin AMR25,Stroll #18,2025,1:24,2430,не указано,4.9,653,
1005009397158416,Модели 1:24,1-24 2024 SF24-16,Ferrari SF-24,Leclerc #16,2024,1:24,2461,не указано,4.9,653,
1005009081001375,Модели 1:24,1-24 2024 MCL38-81,McLaren MCL38,Piastri #81,2024,1:24,2549,не указано,4.9,651,
1005009081001375,Модели 1:24,1-24 2024 RB20-1,Red Bull RB20,Verstappen #1,2024,1:24,2522,не указано,4.9,651,
1005009081001375,Модели 1:24,1-24 2024 RB20-11,Red Bull RB20,Perez #11,2024,1:24,2312,не указано,4.9,651,
1005009081001375,Модели 1:24,1-24 2024 W15-63,Mercedes W15,Russell #63,2024,1:24,2509,не указано,4.9,651,
1005009081001375,Модели 1:24,1-24 2024 W15-44,Mercedes W15,Hamilton #44,2024,1:24,2509,не указано,4.9,651,
1005009081001375,Модели 1:24,1-24 2024 SF24-16,Ferrari SF-24,Leclerc #16,2024,1:24,2542,не указано,4.9,651,
1005009081001375,Модели 1:24,1-24 2025 AMR25-18,Aston Martin AMR25,Stroll #18,2025,1:24,2522,не указано,4.9,651,
1005009085028182,Модели 1:24,2024 MCL38-4,McLaren MCL38,Norris #4,2024,1:24,2092,не указано,5.0,45,ливрея ГП Майами 2024 (Bburago 28040)
1005009085028182,Модели 1:24,2024 MCL38-81,McLaren MCL38,Piastri #81,2024,1:24,2092,не указано,5.0,45,ливрея ГП Майами 2024 (Bburago 28040)
1005010633502926,Модели 1:24,1-24 2024 RB20-11,Red Bull RB20,Perez #11,2024,1:24,2409,не указано,4.9,78,
1005010633502926,Модели 1:24,1-24 2024 RB20-1,Red Bull RB20,Verstappen #1,2024,1:24,2409,не указано,4.9,78,
1005010633502926,Модели 1:24,1-24 2024 W15-44,Mercedes W15,Hamilton #44,2024,1:24,2611,не указано,4.9,78,
1005010633502926,Модели 1:24,1-24 2024 SF24-16,Ferrari SF-24,Leclerc #16,2024,1:24,2421,не указано,4.9,78,
1005010633502926,Модели 1:24,1-24 2025 AMR25-14,Aston Martin AMR25,Alonso #14,2025,1:24,2631,не указано,4.9,78,
1005010633502926,Модели 1:24,1-24 2025 AMR25-18,Aston Martin AMR25,Stroll #18,2025,1:24,2401,не указано,4.9,78,
1005010633502926,Модели 1:24,1-24 2024 SF24-55,Ferrari SF-24,Sainz #55,2024,1:24,2439,не указано,4.9,78,
1005005851892159,Постеры,SKU-1 / 13X18cm no frame,McLaren M23,,,13x18 см,289,не указано,4.4,112,"холст, без рамки"
1005005851892159,Постеры,SKU-1 / 15X20cm no frame,McLaren M23,,,15x20 см,379,не указано,4.4,112,"холст, без рамки"
1005005851892159,Постеры,SKU-1 / 20X25cm no frame,McLaren M23,,,20x25 см,472,не указано,4.4,112,"холст, без рамки"
1005005851892159,Постеры,SKU-1 / 20X30cm no frame,McLaren M23,,,20x30 см,519,не указано,4.4,112,"холст, без рамки"
1005005851892159,Постеры,SKU-1 / 30X40cm no frame,McLaren M23,,,30x40 см,629,не указано,4.4,112,"холст, без рамки"
1005005851892159,Постеры,SKU-1 / 40X50cm no frame,McLaren M23,,,40x50 см,829,не указано,4.4,112,"холст, без рамки"
1005005851892159,Постеры,SKU-1 / 40X60cm no frame,McLaren M23,,,40x60 см,931,не указано,4.4,112,"холст, без рамки"
1005005851892159,Постеры,SKU-1 / 50X70cm no frame,McLaren M23,,,50x70 см,1052,не указано,4.4,112,"холст, без рамки"
1005005851892159,Постеры,SKU-1 / 60X80cm no frame,McLaren M23,,,60x80 см,1269,не указано,4.4,112,"холст, без рамки"
1005005851892159,Постеры,SKU-1 / 60X90cm no frame,McLaren M23,,,60x90 см,1372,не указано,4.4,112,"холст, без рамки"
1005005851892159,Постеры,SKU-2 / 13X18cm no frame,McLaren-Mercedes MP4-23,,,13x18 см,289,не указано,4.4,112,"холст, без рамки"
1005005851892159,Постеры,SKU-2 / 15X20cm no frame,McLaren-Mercedes MP4-23,,,15x20 см,379,не указано,4.4,112,"холст, без рамки"
1005005851892159,Постеры,SKU-2 / 20X25cm no frame,McLaren-Mercedes MP4-23,,,20x25 см,472,не указано,4.4,112,"холст, без рамки"
1005005851892159,Постеры,SKU-2 / 20X30cm no frame,McLaren-Mercedes MP4-23,,,20x30 см,519,не указано,4.4,112,"холст, без рамки"
1005005851892159,Постеры,SKU-2 / 30X40cm no frame,McLaren-Mercedes MP4-23,,,30x40 см,629,не указано,4.4,112,"холст, без рамки"
1005005851892159,Постеры,SKU-2 / 40X50cm no frame,McLaren-Mercedes MP4-23,,,40x50 см,829,не указано,4.4,112,"холст, без рамки"
1005005851892159,Постеры,SKU-2 / 40X60cm no frame,McLaren-Mercedes MP4-23,,,40x60 см,931,не указано,4.4,112,"холст, без рамки"
1005005851892159,Постеры,SKU-2 / 50X70cm no frame,McLaren-Mercedes MP4-23,,,50x70 см,1052,не указано,4.4,112,"холст, без рамки"
1005005851892159,Постеры,SKU-2 / 60X80cm no frame,McLaren-Mercedes MP4-23,,,60x80 см,1269,не указано,4.4,112,"холст, без рамки"
1005005851892159,Постеры,SKU-2 / 60X90cm no frame,McLaren-Mercedes MP4-23,,,60x90 см,1372,не указано,4.4,112,"холст, без рамки"
1005005851892159,Постеры,SKU-3 / 13X18cm no frame,McLaren MCL34,,,13x18 см,289,не указано,4.4,112,"холст, без рамки"
1005005851892159,Постеры,SKU-3 / 15X20cm no frame,McLaren MCL34,,,15x20 см,379,не указано,4.4,112,"холст, без рамки"
1005005851892159,Постеры,SKU-3 / 20X25cm no frame,McLaren MCL34,,,20x25 см,472,не указано,4.4,112,"холст, без рамки"
1005005851892159,Постеры,SKU-3 / 20X30cm no frame,McLaren MCL34,,,20x30 см,519,не указано,4.4,112,"холст, без рамки"
1005005851892159,Постеры,SKU-3 / 30X40cm no frame,McLaren MCL34,,,30x40 см,629,не указано,4.4,112,"холст, без рамки"
1005005851892159,Постеры,SKU-3 / 40X50cm no frame,McLaren MCL34,,,40x50 см,829,не указано,4.4,112,"холст, без рамки"
1005005851892159,Постеры,SKU-3 / 40X60cm no frame,McLaren MCL34,,,40x60 см,931,не указано,4.4,112,"холст, без рамки"
1005005851892159,Постеры,SKU-3 / 50X70cm no frame,McLaren MCL34,,,50x70 см,1052,не указано,4.4,112,"холст, без рамки"
1005005851892159,Постеры,SKU-3 / 60X80cm no frame,McLaren MCL34,,,60x80 см,1269,не указано,4.4,112,"холст, без рамки"
1005005851892159,Постеры,SKU-3 / 60X90cm no frame,McLaren MCL34,,,60x90 см,1372,не указано,4.4,112,"холст, без рамки"
1005005851892159,Постеры,SKU-4 / 13X18cm no frame,Lotus 98T,,,13x18 см,289,не указано,4.4,112,"холст, без рамки"
1005005851892159,Постеры,SKU-4 / 15X20cm no frame,Lotus 98T,,,15x20 см,379,не указано,4.4,112,"холст, без рамки"
1005005851892159,Постеры,SKU-4 / 20X25cm no frame,Lotus 98T,,,20x25 см,472,не указано,4.4,112,"холст, без рамки"
1005005851892159,Постеры,SKU-4 / 20X30cm no frame,Lotus 98T,,,20x30 см,519,не указано,4.4,112,"холст, без рамки"
1005005851892159,Постеры,SKU-4 / 30X40cm no frame,Lotus 98T,,,30x40 см,629,не указано,4.4,112,"холст, без рамки"
1005005851892159,Постеры,SKU-4 / 40X50cm no frame,Lotus 98T,,,40x50 см,829,не указано,4.4,112,"холст, без рамки"
1005005851892159,Постеры,SKU-4 / 40X60cm no frame,Lotus 98T,,,40x60 см,931,не указано,4.4,112,"холст, без рамки"
1005005851892159,Постеры,SKU-4 / 50X70cm no frame,Lotus 98T,,,50x70 см,1052,не указано,4.4,112,"холст, без рамки"
1005005851892159,Постеры,SKU-4 / 60X80cm no frame,Lotus 98T,,,60x80 см,1269,не указано,4.4,112,"холст, без рамки"
1005005851892159,Постеры,SKU-4 / 60X90cm no frame,Lotus 98T,,,60x90 см,1372,не указано,4.4,112,"холст, без рамки"
1005005851892159,Постеры,SKU-5 / 13X18cm no frame,Red Bull Racing RB16,,,13x18 см,289,не указано,4.4,112,"холст, без рамки"
1005005851892159,Постеры,SKU-5 / 15X20cm no frame,Red Bull Racing RB16,,,15x20 см,379,не указано,4.4,112,"холст, без рамки"
1005005851892159,Постеры,SKU-5 / 20X25cm no frame,Red Bull Racing RB16,,,20x25 см,472,не указано,4.4,112,"холст, без рамки"
1005005851892159,Постеры,SKU-5 / 20X30cm no frame,Red Bull Racing RB16,,,20x30 см,519,не указано,4.4,112,"холст, без рамки"
1005005851892159,Постеры,SKU-5 / 30X40cm no frame,Red Bull Racing RB16,,,30x40 см,629,не указано,4.4,112,"холст, без рамки"
1005005851892159,Постеры,SKU-5 / 40X50cm no frame,Red Bull Racing RB16,,,40x50 см,829,не указано,4.4,112,"холст, без рамки"
1005005851892159,Постеры,SKU-5 / 40X60cm no frame,Red Bull Racing RB16,,,40x60 см,931,не указано,4.4,112,"холст, без рамки"
1005005851892159,Постеры,SKU-5 / 50X70cm no frame,Red Bull Racing RB16,,,50x70 см,1052,не указано,4.4,112,"холст, без рамки"
1005005851892159,Постеры,SKU-5 / 60X80cm no frame,Red Bull Racing RB16,,,60x80 см,1269,не указано,4.4,112,"холст, без рамки"
1005005851892159,Постеры,SKU-5 / 60X90cm no frame,Red Bull Racing RB16,,,60x90 см,1372,не указано,4.4,112,"холст, без рамки"
1005005851892159,Постеры,SKU-6 / 13X18cm no frame,Lotus 99T,,,13x18 см,289,не указано,4.4,112,"холст, без рамки"
1005005851892159,Постеры,SKU-6 / 15X20cm no frame,Lotus 99T,,,15x20 см,379,не указано,4.4,112,"холст, без рамки"
1005005851892159,Постеры,SKU-6 / 20X25cm no frame,Lotus 99T,,,20x25 см,472,не указано,4.4,112,"холст, без рамки"
1005005851892159,Постеры,SKU-6 / 20X30cm no frame,Lotus 99T,,,20x30 см,519,не указано,4.4,112,"холст, без рамки"
1005005851892159,Постеры,SKU-6 / 30X40cm no frame,Lotus 99T,,,30x40 см,629,не указано,4.4,112,"холст, без рамки"
1005005851892159,Постеры,SKU-6 / 40X50cm no frame,Lotus 99T,,,40x50 см,829,не указано,4.4,112,"холст, без рамки"
1005005851892159,Постеры,SKU-6 / 40X60cm no frame,Lotus 99T,,,40x60 см,931,не указано,4.4,112,"холст, без рамки"
1005005851892159,Постеры,SKU-6 / 50X70cm no frame,Lotus 99T,,,50x70 см,1052,не указано,4.4,112,"холст, без рамки"
1005005851892159,Постеры,SKU-6 / 60X80cm no frame,Lotus 99T,,,60x80 см,1269,не указано,4.4,112,"холст, без рамки"
1005005851892159,Постеры,SKU-6 / 60X90cm no frame,Lotus 99T,,,60x90 см,1372,не указано,4.4,112,"холст, без рамки"
1005005851892159,Постеры,SKU-7 / 13X18cm no frame,Jordan 191,,,13x18 см,289,не указано,4.4,112,"холст, без рамки"
1005005851892159,Постеры,SKU-7 / 15X20cm no frame,Jordan 191,,,15x20 см,379,не указано,4.4,112,"холст, без рамки"
1005005851892159,Постеры,SKU-7 / 20X25cm no frame,Jordan 191,,,20x25 см,472,не указано,4.4,112,"холст, без рамки"
1005005851892159,Постеры,SKU-7 / 20X30cm no frame,Jordan 191,,,20x30 см,519,не указано,4.4,112,"холст, без рамки"
1005005851892159,Постеры,SKU-7 / 30X40cm no frame,Jordan 191,,,30x40 см,629,не указано,4.4,112,"холст, без рамки"
1005005851892159,Постеры,SKU-7 / 40X50cm no frame,Jordan 191,,,40x50 см,829,не указано,4.4,112,"холст, без рамки"
1005005851892159,Постеры,SKU-7 / 40X60cm no frame,Jordan 191,,,40x60 см,931,не указано,4.4,112,"холст, без рамки"
1005005851892159,Постеры,SKU-7 / 50X70cm no frame,Jordan 191,,,50x70 см,1052,не указано,4.4,112,"холст, без рамки"
1005005851892159,Постеры,SKU-7 / 60X80cm no frame,Jordan 191,,,60x80 см,1269,не указано,4.4,112,"холст, без рамки"
1005005851892159,Постеры,SKU-7 / 60X90cm no frame,Jordan 191,,,60x90 см,1372,не указано,4.4,112,"холст, без рамки"
1005005851892159,Постеры,SKU-8 / 13X18cm no frame,Mercedes AMG W10,,,13x18 см,289,не указано,4.4,112,"холст, без рамки"
1005005851892159,Постеры,SKU-8 / 15X20cm no frame,Mercedes AMG W10,,,15x20 см,379,не указано,4.4,112,"холст, без рамки"
1005005851892159,Постеры,SKU-8 / 20X25cm no frame,Mercedes AMG W10,,,20x25 см,472,не указано,4.4,112,"холст, без рамки"
1005005851892159,Постеры,SKU-8 / 20X30cm no frame,Mercedes AMG W10,,,20x30 см,519,не указано,4.4,112,"холст, без рамки"
1005005851892159,Постеры,SKU-8 / 30X40cm no frame,Mercedes AMG W10,,,30x40 см,629,не указано,4.4,112,"холст, без рамки"
1005005851892159,Постеры,SKU-8 / 40X50cm no frame,Mercedes AMG W10,,,40x50 см,829,не указано,4.4,112,"холст, без рамки"
1005005851892159,Постеры,SKU-8 / 40X60cm no frame,Mercedes AMG W10,,,40x60 см,931,не указано,4.4,112,"холст, без рамки"
1005005851892159,Постеры,SKU-8 / 50X70cm no frame,Mercedes AMG W10,,,50x70 см,1052,не указано,4.4,112,"холст, без рамки"
1005005851892159,Постеры,SKU-8 / 60X80cm no frame,Mercedes AMG W10,,,60x80 см,1269,не указано,4.4,112,"холст, без рамки"
1005005851892159,Постеры,SKU-8 / 60X90cm no frame,Mercedes AMG W10,,,60x90 см,1372,не указано,4.4,112,"холст, без рамки"
1005005851892159,Постеры,SKU-9 / 13X18cm no frame,McLaren MP4/5B,,,13x18 см,289,не указано,4.4,112,"холст, без рамки"
1005005851892159,Постеры,SKU-9 / 15X20cm no frame,McLaren MP4/5B,,,15x20 см,379,не указано,4.4,112,"холст, без рамки"
1005005851892159,Постеры,SKU-9 / 20X25cm no frame,McLaren MP4/5B,,,20x25 см,472,не указано,4.4,112,"холст, без рамки"
1005005851892159,Постеры,SKU-9 / 20X30cm no frame,McLaren MP4/5B,,,20x30 см,519,не указано,4.4,112,"холст, без рамки"
1005005851892159,Постеры,SKU-9 / 30X40cm no frame,McLaren MP4/5B,,,30x40 см,629,не указано,4.4,112,"холст, без рамки"
1005005851892159,Постеры,SKU-9 / 40X50cm no frame,McLaren MP4/5B,,,40x50 см,829,не указано,4.4,112,"холст, без рамки"
1005005851892159,Постеры,SKU-9 / 40X60cm no frame,McLaren MP4/5B,,,40x60 см,931,не указано,4.4,112,"холст, без рамки"
1005005851892159,Постеры,SKU-9 / 50X70cm no frame,McLaren MP4/5B,,,50x70 см,1052,не указано,4.4,112,"холст, без рамки"
1005005851892159,Постеры,SKU-9 / 60X80cm no frame,McLaren MP4/5B,,,60x80 см,1269,не указано,4.4,112,"холст, без рамки"
1005005851892159,Постеры,SKU-9 / 60X90cm no frame,McLaren MP4/5B,,,60x90 см,1372,не указано,4.4,112,"холст, без рамки"
1005005851892159,Постеры,SKU-10 / 13X18cm no frame,McLaren MP4/4,,,13x18 см,289,не указано,4.4,112,"холст, без рамки"
1005005851892159,Постеры,SKU-10 / 15X20cm no frame,McLaren MP4/4,,,15x20 см,379,не указано,4.4,112,"холст, без рамки"
1005005851892159,Постеры,SKU-10 / 20X25cm no frame,McLaren MP4/4,,,20x25 см,472,не указано,4.4,112,"холст, без рамки"
1005005851892159,Постеры,SKU-10 / 20X30cm no frame,McLaren MP4/4,,,20x30 см,519,не указано,4.4,112,"холст, без рамки"
1005005851892159,Постеры,SKU-10 / 30X40cm no frame,McLaren MP4/4,,,30x40 см,629,не указано,4.4,112,"холст, без рамки"
1005005851892159,Постеры,SKU-10 / 40X50cm no frame,McLaren MP4/4,,,40x50 см,829,не указано,4.4,112,"холст, без рамки"
1005005851892159,Постеры,SKU-10 / 40X60cm no frame,McLaren MP4/4,,,40x60 см,931,не указано,4.4,112,"холст, без рамки"
1005005851892159,Постеры,SKU-10 / 50X70cm no frame,McLaren MP4/4,,,50x70 см,1052,не указано,4.4,112,"холст, без рамки"
1005005851892159,Постеры,SKU-10 / 60X80cm no frame,McLaren MP4/4,,,60x80 см,1269,не указано,4.4,112,"холст, без рамки"
1005005851892159,Постеры,SKU-10 / 60X90cm no frame,McLaren MP4/4,,,60x90 см,1372,не указано,4.4,112,"холст, без рамки"
1005005851892159,Постеры,SKU-11 / 13X18cm no frame,McLaren MP4/6,,,13x18 см,289,не указано,4.4,112,"холст, без рамки"
1005005851892159,Постеры,SKU-11 / 15X20cm no frame,McLaren MP4/6,,,15x20 см,379,не указано,4.4,112,"холст, без рамки"
1005005851892159,Постеры,SKU-11 / 20X25cm no frame,McLaren MP4/6,,,20x25 см,472,не указано,4.4,112,"холст, без рамки"
1005005851892159,Постеры,SKU-11 / 20X30cm no frame,McLaren MP4/6,,,20x30 см,519,не указано,4.4,112,"холст, без рамки"
1005005851892159,Постеры,SKU-11 / 30X40cm no frame,McLaren MP4/6,,,30x40 см,629,не указано,4.4,112,"холст, без рамки"
1005005851892159,Постеры,SKU-11 / 40X50cm no frame,McLaren MP4/6,,,40x50 см,829,не указано,4.4,112,"холст, без рамки"
1005005851892159,Постеры,SKU-11 / 40X60cm no frame,McLaren MP4/6,,,40x60 см,931,не указано,4.4,112,"холст, без рамки"
1005005851892159,Постеры,SKU-11 / 50X70cm no frame,McLaren MP4/6,,,50x70 см,1052,не указано,4.4,112,"холст, без рамки"
1005005851892159,Постеры,SKU-11 / 60X80cm no frame,McLaren MP4/6,,,60x80 см,1269,не указано,4.4,112,"холст, без рамки"
1005005851892159,Постеры,SKU-11 / 60X90cm no frame,McLaren MP4/6,,,60x90 см,1372,не указано,4.4,112,"холст, без рамки"
1005005851892159,Постеры,SKU-12 / 13X18cm no frame,Brawn BGP001,,,13x18 см,289,не указано,4.4,112,"холст, без рамки"
1005005851892159,Постеры,SKU-12 / 15X20cm no frame,Brawn BGP001,,,15x20 см,379,не указано,4.4,112,"холст, без рамки"
1005005851892159,Постеры,SKU-12 / 20X25cm no frame,Brawn BGP001,,,20x25 см,472,не указано,4.4,112,"холст, без рамки"
1005005851892159,Постеры,SKU-12 / 20X30cm no frame,Brawn BGP001,,,20x30 см,519,не указано,4.4,112,"холст, без рамки"
1005005851892159,Постеры,SKU-12 / 30X40cm no frame,Brawn BGP001,,,30x40 см,629,не указано,4.4,112,"холст, без рамки"
1005005851892159,Постеры,SKU-12 / 40X50cm no frame,Brawn BGP001,,,40x50 см,829,не указано,4.4,112,"холст, без рамки"
1005005851892159,Постеры,SKU-12 / 40X60cm no frame,Brawn BGP001,,,40x60 см,931,не указано,4.4,112,"холст, без рамки"
1005005851892159,Постеры,SKU-12 / 50X70cm no frame,Brawn BGP001,,,50x70 см,1052,не указано,4.4,112,"холст, без рамки"
1005005851892159,Постеры,SKU-12 / 60X80cm no frame,Brawn BGP001,,,60x80 см,1269,не указано,4.4,112,"холст, без рамки"
1005005851892159,Постеры,SKU-12 / 60X90cm no frame,Brawn BGP001,,,60x90 см,1372,не указано,4.4,112,"холст, без рамки"
1005005851892159,Постеры,SKU-13 / 13X18cm no frame,Ferrari 643,,,13x18 см,289,не указано,4.4,112,"холст, без рамки"
1005005851892159,Постеры,SKU-13 / 15X20cm no frame,Ferrari 643,,,15x20 см,379,не указано,4.4,112,"холст, без рамки"
1005005851892159,Постеры,SKU-13 / 20X25cm no frame,Ferrari 643,,,20x25 см,472,не указано,4.4,112,"холст, без рамки"
1005005851892159,Постеры,SKU-13 / 20X30cm no frame,Ferrari 643,,,20x30 см,519,не указано,4.4,112,"холст, без рамки"
1005005851892159,Постеры,SKU-13 / 30X40cm no frame,Ferrari 643,,,30x40 см,629,не указано,4.4,112,"холст, без рамки"
1005005851892159,Постеры,SKU-13 / 40X50cm no frame,Ferrari 643,,,40x50 см,829,не указано,4.4,112,"холст, без рамки"
1005005851892159,Постеры,SKU-13 / 40X60cm no frame,Ferrari 643,,,40x60 см,931,не указано,4.4,112,"холст, без рамки"
1005005851892159,Постеры,SKU-13 / 50X70cm no frame,Ferrari 643,,,50x70 см,1052,не указано,4.4,112,"холст, без рамки"
1005005851892159,Постеры,SKU-13 / 60X80cm no frame,Ferrari 643,,,60x80 см,1269,не указано,4.4,112,"холст, без рамки"
1005005851892159,Постеры,SKU-13 / 60X90cm no frame,Ferrari 643,,,60x90 см,1372,не указано,4.4,112,"холст, без рамки"
1005005851892159,Постеры,SKU-14 / 13X18cm no frame,Renault R25,,,13x18 см,289,не указано,4.4,112,"холст, без рамки"
1005005851892159,Постеры,SKU-14 / 15X20cm no frame,Renault R25,,,15x20 см,379,не указано,4.4,112,"холст, без рамки"
1005005851892159,Постеры,SKU-14 / 20X25cm no frame,Renault R25,,,20x25 см,472,не указано,4.4,112,"холст, без рамки"
1005005851892159,Постеры,SKU-14 / 20X30cm no frame,Renault R25,,,20x30 см,519,не указано,4.4,112,"холст, без рамки"
1005005851892159,Постеры,SKU-14 / 30X40cm no frame,Renault R25,,,30x40 см,629,не указано,4.4,112,"холст, без рамки"
1005005851892159,Постеры,SKU-14 / 40X50cm no frame,Renault R25,,,40x50 см,829,не указано,4.4,112,"холст, без рамки"
1005005851892159,Постеры,SKU-14 / 40X60cm no frame,Renault R25,,,40x60 см,931,не указано,4.4,112,"холст, без рамки"
1005005851892159,Постеры,SKU-14 / 50X70cm no frame,Renault R25,,,50x70 см,1052,не указано,4.4,112,"холст, без рамки"
1005005851892159,Постеры,SKU-14 / 60X80cm no frame,Renault R25,,,60x80 см,1269,не указано,4.4,112,"холст, без рамки"
1005005851892159,Постеры,SKU-14 / 60X90cm no frame,Renault R25,,,60x90 см,1372,не указано,4.4,112,"холст, без рамки"
1005005851892159,Постеры,SKU-15 / 13X18cm no frame,Ferrari F2007,,,13x18 см,289,не указано,4.4,112,"холст, без рамки"
1005005851892159,Постеры,SKU-15 / 15X20cm no frame,Ferrari F2007,,,15x20 см,379,не указано,4.4,112,"холст, без рамки"
1005005851892159,Постеры,SKU-15 / 20X25cm no frame,Ferrari F2007,,,20x25 см,472,не указано,4.4,112,"холст, без рамки"
1005005851892159,Постеры,SKU-15 / 20X30cm no frame,Ferrari F2007,,,20x30 см,519,не указано,4.4,112,"холст, без рамки"
1005005851892159,Постеры,SKU-15 / 30X40cm no frame,Ferrari F2007,,,30x40 см,629,не указано,4.4,112,"холст, без рамки"
1005005851892159,Постеры,SKU-15 / 40X50cm no frame,Ferrari F2007,,,40x50 см,829,не указано,4.4,112,"холст, без рамки"
1005005851892159,Постеры,SKU-15 / 40X60cm no frame,Ferrari F2007,,,40x60 см,931,не указано,4.4,112,"холст, без рамки"
1005005851892159,Постеры,SKU-15 / 50X70cm no frame,Ferrari F2007,,,50x70 см,1052,не указано,4.4,112,"холст, без рамки"
1005005851892159,Постеры,SKU-15 / 60X80cm no frame,Ferrari F2007,,,60x80 см,1269,не указано,4.4,112,"холст, без рамки"
1005005851892159,Постеры,SKU-15 / 60X90cm no frame,Ferrari F2007,,,60x90 см,1372,не указано,4.4,112,"холст, без рамки"
1005005851892159,Постеры,SKU-16 / 13X18cm no frame,Toro Rosso STR3,,,13x18 см,289,не указано,4.4,112,"холст, без рамки"
1005005851892159,Постеры,SKU-16 / 15X20cm no frame,Toro Rosso STR3,,,15x20 см,379,не указано,4.4,112,"холст, без рамки"
1005005851892159,Постеры,SKU-16 / 20X25cm no frame,Toro Rosso STR3,,,20x25 см,472,не указано,4.4,112,"холст, без рамки"
1005005851892159,Постеры,SKU-16 / 20X30cm no frame,Toro Rosso STR3,,,20x30 см,519,не указано,4.4,112,"холст, без рамки"
1005005851892159,Постеры,SKU-16 / 30X40cm no frame,Toro Rosso STR3,,,30x40 см,629,не указано,4.4,112,"холст, без рамки"
1005005851892159,Постеры,SKU-16 / 40X50cm no frame,Toro Rosso STR3,,,40x50 см,829,не указано,4.4,112,"холст, без рамки"
1005005851892159,Постеры,SKU-16 / 40X60cm no frame,Toro Rosso STR3,,,40x60 см,931,не указано,4.4,112,"холст, без рамки"
1005005851892159,Постеры,SKU-16 / 50X70cm no frame,Toro Rosso STR3,,,50x70 см,1052,не указано,4.4,112,"холст, без рамки"
1005005851892159,Постеры,SKU-16 / 60X80cm no frame,Toro Rosso STR3,,,60x80 см,1269,не указано,4.4,112,"холст, без рамки"
1005005851892159,Постеры,SKU-16 / 60X90cm no frame,Toro Rosso STR3,,,60x90 см,1372,не указано,4.4,112,"холст, без рамки"
1005005851892159,Постеры,SKU-17 / 13X18cm no frame,Toro Rosso STR14,,,13x18 см,289,не указано,4.4,112,"холст, без рамки"
1005005851892159,Постеры,SKU-17 / 15X20cm no frame,Toro Rosso STR14,,,15x20 см,379,не указано,4.4,112,"холст, без рамки"
1005005851892159,Постеры,SKU-17 / 20X25cm no frame,Toro Rosso STR14,,,20x25 см,472,не указано,4.4,112,"холст, без рамки"
1005005851892159,Постеры,SKU-17 / 20X30cm no frame,Toro Rosso STR14,,,20x30 см,519,не указано,4.4,112,"холст, без рамки"
1005005851892159,Постеры,SKU-17 / 30X40cm no frame,Toro Rosso STR14,,,30x40 см,629,не указано,4.4,112,"холст, без рамки"
1005005851892159,Постеры,SKU-17 / 40X50cm no frame,Toro Rosso STR14,,,40x50 см,829,не указано,4.4,112,"холст, без рамки"
1005005851892159,Постеры,SKU-17 / 40X60cm no frame,Toro Rosso STR14,,,40x60 см,931,не указано,4.4,112,"холст, без рамки"
1005005851892159,Постеры,SKU-17 / 50X70cm no frame,Toro Rosso STR14,,,50x70 см,1052,не указано,4.4,112,"холст, без рамки"
1005005851892159,Постеры,SKU-17 / 60X80cm no frame,Toro Rosso STR14,,,60x80 см,1269,не указано,4.4,112,"холст, без рамки"
1005005851892159,Постеры,SKU-17 / 60X90cm no frame,Toro Rosso STR14,,,60x90 см,1372,не указано,4.4,112,"холст, без рамки"
1005005851892159,Постеры,SKU-18 / 13X18cm no frame,Ferrari 312T,,,13x18 см,289,не указано,4.4,112,"холст, без рамки"
1005005851892159,Постеры,SKU-18 / 15X20cm no frame,Ferrari 312T,,,15x20 см,379,не указано,4.4,112,"холст, без рамки"
1005005851892159,Постеры,SKU-18 / 20X25cm no frame,Ferrari 312T,,,20x25 см,472,не указано,4.4,112,"холст, без рамки"
1005005851892159,Постеры,SKU-18 / 20X30cm no frame,Ferrari 312T,,,20x30 см,519,не указано,4.4,112,"холст, без рамки"
1005005851892159,Постеры,SKU-18 / 30X40cm no frame,Ferrari 312T,,,30x40 см,629,не указано,4.4,112,"холст, без рамки"
1005005851892159,Постеры,SKU-18 / 40X50cm no frame,Ferrari 312T,,,40x50 см,829,не указано,4.4,112,"холст, без рамки"
1005005851892159,Постеры,SKU-18 / 40X60cm no frame,Ferrari 312T,,,40x60 см,931,не указано,4.4,112,"холст, без рамки"
1005005851892159,Постеры,SKU-18 / 50X70cm no frame,Ferrari 312T,,,50x70 см,1052,не указано,4.4,112,"холст, без рамки"
1005005851892159,Постеры,SKU-18 / 60X80cm no frame,Ferrari 312T,,,60x80 см,1269,не указано,4.4,112,"холст, без рамки"
1005005851892159,Постеры,SKU-18 / 60X90cm no frame,Ferrari 312T,,,60x90 см,1372,не указано,4.4,112,"холст, без рамки"
1005005851892159,Постеры,SKU-19 / 13X18cm no frame,Toleman TG184,,,13x18 см,289,не указано,4.4,112,"холст, без рамки"
1005005851892159,Постеры,SKU-19 / 15X20cm no frame,Toleman TG184,,,15x20 см,379,не указано,4.4,112,"холст, без рамки"
1005005851892159,Постеры,SKU-19 / 20X25cm no frame,Toleman TG184,,,20x25 см,472,не указано,4.4,112,"холст, без рамки"
1005005851892159,Постеры,SKU-19 / 20X30cm no frame,Toleman TG184,,,20x30 см,519,не указано,4.4,112,"холст, без рамки"
1005005851892159,Постеры,SKU-19 / 30X40cm no frame,Toleman TG184,,,30x40 см,629,не указано,4.4,112,"холст, без рамки"
1005005851892159,Постеры,SKU-19 / 40X50cm no frame,Toleman TG184,,,40x50 см,829,не указано,4.4,112,"холст, без рамки"
1005005851892159,Постеры,SKU-19 / 40X60cm no frame,Toleman TG184,,,40x60 см,931,не указано,4.4,112,"холст, без рамки"
1005005851892159,Постеры,SKU-19 / 50X70cm no frame,Toleman TG184,,,50x70 см,1052,не указано,4.4,112,"холст, без рамки"
1005005851892159,Постеры,SKU-19 / 60X80cm no frame,Toleman TG184,,,60x80 см,1269,не указано,4.4,112,"холст, без рамки"
1005005851892159,Постеры,SKU-19 / 60X90cm no frame,Toleman TG184,,,60x90 см,1372,не указано,4.4,112,"холст, без рамки"
1005005851892159,Постеры,SKU-20 / 13X18cm no frame,Red Bull Racing RB7,,,13x18 см,289,не указано,4.4,112,"холст, без рамки"
1005005851892159,Постеры,SKU-20 / 15X20cm no frame,Red Bull Racing RB7,,,15x20 см,379,не указано,4.4,112,"холст, без рамки"
1005005851892159,Постеры,SKU-20 / 20X25cm no frame,Red Bull Racing RB7,,,20x25 см,472,не указано,4.4,112,"холст, без рамки"
1005005851892159,Постеры,SKU-20 / 20X30cm no frame,Red Bull Racing RB7,,,20x30 см,519,не указано,4.4,112,"холст, без рамки"
1005005851892159,Постеры,SKU-20 / 30X40cm no frame,Red Bull Racing RB7,,,30x40 см,629,не указано,4.4,112,"холст, без рамки"
1005005851892159,Постеры,SKU-20 / 40X50cm no frame,Red Bull Racing RB7,,,40x50 см,829,не указано,4.4,112,"холст, без рамки"
1005005851892159,Постеры,SKU-20 / 40X60cm no frame,Red Bull Racing RB7,,,40x60 см,931,не указано,4.4,112,"холст, без рамки"
1005005851892159,Постеры,SKU-20 / 50X70cm no frame,Red Bull Racing RB7,,,50x70 см,1052,не указано,4.4,112,"холст, без рамки"
1005005851892159,Постеры,SKU-20 / 60X80cm no frame,Red Bull Racing RB7,,,60x80 см,1269,не указано,4.4,112,"холст, без рамки"
1005005851892159,Постеры,SKU-20 / 60X90cm no frame,Red Bull Racing RB7,,,60x90 см,1372,не указано,4.4,112,"холст, без рамки"
1005005851892159,Постеры,SKU-21 / 13X18cm no frame,Schumacher / Ferrari (японский стиль),,,13x18 см,289,не указано,4.4,112,"холст, без рамки"
1005005851892159,Постеры,SKU-21 / 15X20cm no frame,Schumacher / Ferrari (японский стиль),,,15x20 см,379,не указано,4.4,112,"холст, без рамки"
1005005851892159,Постеры,SKU-21 / 20X25cm no frame,Schumacher / Ferrari (японский стиль),,,20x25 см,472,не указано,4.4,112,"холст, без рамки"
1005005851892159,Постеры,SKU-21 / 20X30cm no frame,Schumacher / Ferrari (японский стиль),,,20x30 см,519,не указано,4.4,112,"холст, без рамки"
1005005851892159,Постеры,SKU-21 / 30X40cm no frame,Schumacher / Ferrari (японский стиль),,,30x40 см,629,не указано,4.4,112,"холст, без рамки"
1005005851892159,Постеры,SKU-21 / 40X50cm no frame,Schumacher / Ferrari (японский стиль),,,40x50 см,829,не указано,4.4,112,"холст, без рамки"
1005005851892159,Постеры,SKU-21 / 40X60cm no frame,Schumacher / Ferrari (японский стиль),,,40x60 см,931,не указано,4.4,112,"холст, без рамки"
1005005851892159,Постеры,SKU-21 / 50X70cm no frame,Schumacher / Ferrari (японский стиль),,,50x70 см,1052,не указано,4.4,112,"холст, без рамки"
1005005851892159,Постеры,SKU-21 / 60X80cm no frame,Schumacher / Ferrari (японский стиль),,,60x80 см,1269,не указано,4.4,112,"холст, без рамки"
1005005851892159,Постеры,SKU-21 / 60X90cm no frame,Schumacher / Ferrari (японский стиль),,,60x90 см,1372,не указано,4.4,112,"холст, без рамки"
